-- MySQL dump 10.13  Distrib 8.0.34, for Win64 (x86_64)
--
-- Host: localhost    Database: mobilefarm
-- ------------------------------------------------------
-- Server version	8.0.34

/*!40101 SET @OLD_CHARACTER_SET_CLIENT=@@CHARACTER_SET_CLIENT */;
/*!40101 SET @OLD_CHARACTER_SET_RESULTS=@@CHARACTER_SET_RESULTS */;
/*!40101 SET @OLD_COLLATION_CONNECTION=@@COLLATION_CONNECTION */;
/*!50503 SET NAMES utf8 */;
/*!40103 SET @OLD_TIME_ZONE=@@TIME_ZONE */;
/*!40103 SET TIME_ZONE='+00:00' */;
/*!40014 SET @OLD_UNIQUE_CHECKS=@@UNIQUE_CHECKS, UNIQUE_CHECKS=0 */;
/*!40014 SET @OLD_FOREIGN_KEY_CHECKS=@@FOREIGN_KEY_CHECKS, FOREIGN_KEY_CHECKS=0 */;
/*!40101 SET @OLD_SQL_MODE=@@SQL_MODE, SQL_MODE='NO_AUTO_VALUE_ON_ZERO' */;
/*!40111 SET @OLD_SQL_NOTES=@@SQL_NOTES, SQL_NOTES=0 */;

--
-- Table structure for table `animal_passports`
--

DROP TABLE IF EXISTS `animal_passports`;
/*!40101 SET @saved_cs_client     = @@character_set_client */;
/*!50503 SET character_set_client = utf8mb4 */;
CREATE TABLE `animal_passports` (
  `animal_passport_id` bigint NOT NULL AUTO_INCREMENT,
  `average_productivity` decimal(38,2) DEFAULT NULL,
  `birth_date` datetime(6) NOT NULL,
  `breed` varchar(255) DEFAULT NULL,
  `breeding_animal` bit(1) DEFAULT NULL,
  `created_date` datetime(6) NOT NULL,
  `death_date` datetime(6) DEFAULT NULL,
  `dry_period_start_date` datetime(6) DEFAULT NULL,
  `external_id` varchar(255) DEFAULT NULL,
  `external_id_in_origin_country` varchar(255) DEFAULT NULL,
  `formed` bit(1) DEFAULT NULL,
  `former_name` varchar(255) DEFAULT NULL,
  `forming_date` datetime(6) DEFAULT NULL,
  `genetic_productivity` decimal(38,2) NOT NULL,
  `insemination_date` datetime(6) DEFAULT NULL,
  `lactation_start_date` datetime(6) DEFAULT NULL,
  `nickname` varchar(255) DEFAULT NULL,
  `origin_country` varchar(255) DEFAULT NULL,
  `production_type` varchar(255) DEFAULT NULL,
  `sex` varchar(255) DEFAULT NULL,
  `treatment_end_date` datetime(6) DEFAULT NULL,
  `treatment_start_date` datetime(6) DEFAULT NULL,
  `type` varchar(255) DEFAULT NULL,
  `weight` decimal(38,2) DEFAULT NULL,
  `weight_growth` decimal(38,2) DEFAULT NULL,
  `farm_id` bigint NOT NULL,
  `father_id` bigint DEFAULT NULL,
  `feed_group_id` bigint DEFAULT NULL,
  `mother_id` bigint DEFAULT NULL,
  `farm_original_owner_id` bigint DEFAULT NULL,
  PRIMARY KEY (`animal_passport_id`),
  UNIQUE KEY `UK_pc8avcb1ubska3j84wrakcmxf` (`external_id`),
  KEY `FKb6mkeg6h00oi6kp2huxxeqqli` (`farm_id`),
  KEY `FKmj4ygyrd3p76g4av595etcuxr` (`father_id`),
  KEY `FK7osq1ht6l3dif7eqjmvlsirbg` (`feed_group_id`),
  KEY `FKofna2e07h5tcxb0u17j5syeao` (`mother_id`),
  KEY `FKg3bakdlcu10cmaj9mhwk0h5d7` (`farm_original_owner_id`),
  CONSTRAINT `FK7osq1ht6l3dif7eqjmvlsirbg` FOREIGN KEY (`feed_group_id`) REFERENCES `feed_groups` (`feed_group_id`),
  CONSTRAINT `FKb6mkeg6h00oi6kp2huxxeqqli` FOREIGN KEY (`farm_id`) REFERENCES `farms` (`farm_id`),
  CONSTRAINT `FKg3bakdlcu10cmaj9mhwk0h5d7` FOREIGN KEY (`farm_original_owner_id`) REFERENCES `farms` (`farm_id`),
  CONSTRAINT `FKmj4ygyrd3p76g4av595etcuxr` FOREIGN KEY (`father_id`) REFERENCES `animal_passports` (`animal_passport_id`),
  CONSTRAINT `FKofna2e07h5tcxb0u17j5syeao` FOREIGN KEY (`mother_id`) REFERENCES `animal_passports` (`animal_passport_id`)
) ENGINE=InnoDB AUTO_INCREMENT=23 DEFAULT CHARSET=utf8mb4 COLLATE=utf8mb4_0900_ai_ci;
/*!40101 SET character_set_client = @saved_cs_client */;

--
-- Dumping data for table `animal_passports`
--

LOCK TABLES `animal_passports` WRITE;
/*!40000 ALTER TABLE `animal_passports` DISABLE KEYS */;
INSERT INTO `animal_passports` VALUES (1,NULL,'2016-08-18 10:59:03.000000','Черно-пестрая',_binary '\0','2016-08-18 14:58:13.000000',NULL,NULL,'BY000040985725',NULL,NULL,NULL,NULL,1.00,NULL,NULL,NULL,NULL,NULL,'Тёлочка',NULL,NULL,'Корова',NULL,NULL,3,2,1,2,3),(2,NULL,'2020-12-03 15:28:34.000000','Черно-пестрая',_binary '\0','2020-12-03 16:28:34.000000',NULL,NULL,'BY000071952271',NULL,NULL,NULL,NULL,1.00,NULL,NULL,NULL,NULL,NULL,'Тёлочка',NULL,NULL,'Тёлка',NULL,NULL,3,3,1,3,3),(3,NULL,'2022-05-07 10:05:55.000000','Черно-пестрая',_binary '\0','2022-05-07 10:45:54.000000',NULL,NULL,'BY000125311465',NULL,NULL,NULL,NULL,1.00,NULL,NULL,NULL,NULL,NULL,'Бычок',NULL,NULL,'Бык',NULL,NULL,3,4,1,5,3),(4,NULL,'2023-05-24 09:46:59.000000','Черно-пестрая',_binary '\0','2023-05-25 10:45:59.000000',NULL,NULL,'BY000139248206',NULL,NULL,NULL,NULL,1.00,NULL,NULL,NULL,NULL,NULL,'Тёлочка',NULL,NULL,'Тёлочка',NULL,NULL,3,5,2,7,3),(5,NULL,'2023-06-26 08:00:51.000000','Черно-пестрая',_binary '\0','2023-06-27 08:00:47.000000',NULL,NULL,'BY000150309597',NULL,NULL,NULL,NULL,1.00,NULL,NULL,NULL,NULL,NULL,'Бычок',NULL,NULL,'Бычок',NULL,NULL,3,6,2,2,3),(6,NULL,'2019-09-10 23:09:15.000000','Черно-пестрая',_binary '\0','2019-09-11 23:09:15.000000',NULL,NULL,'BY000041000809',NULL,NULL,NULL,NULL,1.00,NULL,NULL,NULL,NULL,NULL,'Тёлочка',NULL,NULL,'Корова',NULL,NULL,4,7,2,5,4),(7,NULL,'2022-10-10 23:08:59.000000','Черно-пестрая',_binary '\0','2022-10-11 23:09:02.000000',NULL,NULL,'BY000129346584',NULL,NULL,NULL,NULL,1.00,NULL,NULL,NULL,NULL,NULL,'Тёлочка',NULL,NULL,'Тёлка',NULL,NULL,4,8,NULL,6,4),(8,NULL,'2022-11-07 11:37:27.000000','Черно-пестрая',_binary '\0','2022-11-08 11:37:26.000000',NULL,NULL,'BY000129346645',NULL,NULL,NULL,NULL,1.00,NULL,NULL,NULL,NULL,NULL,'Бычок',NULL,NULL,'Бык',NULL,NULL,4,1,NULL,3,4),(9,NULL,'2023-07-01 12:02:09.000000','Черно-пестрая',_binary '\0','2023-07-02 13:01:34.000000',NULL,NULL,'BY000129349350',NULL,NULL,NULL,NULL,1.00,NULL,NULL,NULL,NULL,NULL,'Тёлочка',NULL,NULL,'Тёлочка',NULL,NULL,4,2,NULL,5,4),(10,NULL,'2023-07-06 12:20:59.000000','Черно-пестрая',_binary '\0','2023-07-07 13:20:24.000000',NULL,NULL,'BY000129349493',NULL,NULL,NULL,NULL,1.00,NULL,NULL,NULL,NULL,NULL,'Бычок',NULL,NULL,'Бычок',NULL,NULL,4,4,NULL,6,4),(11,NULL,'2021-05-19 13:22:10.000000','Красная датская',_binary '','2021-05-19 13:30:45.000000',NULL,NULL,'BY000118094393',NULL,NULL,NULL,NULL,1.00,NULL,NULL,NULL,NULL,NULL,'Тёлочка',NULL,NULL,'Корова',NULL,NULL,6,5,NULL,4,6),(12,NULL,'2020-02-07 10:31:33.000000','Красная датская',_binary '\0','2020-02-07 11:31:13.000000',NULL,NULL,'DK01974403956',NULL,NULL,NULL,NULL,1.00,NULL,NULL,NULL,NULL,NULL,'Тёлочка',NULL,NULL,'Корова',NULL,NULL,6,6,NULL,6,6),(13,NULL,'2021-12-17 13:26:27.000000','Красная датская',_binary '\0','2021-12-17 13:26:42.000000',NULL,NULL,'BY000125317991',NULL,NULL,NULL,NULL,1.00,NULL,NULL,NULL,NULL,NULL,'Тёлочка',NULL,NULL,'Тёлка',NULL,NULL,6,8,NULL,4,6),(14,NULL,'2022-02-03 11:46:04.000000','Красная датская',_binary '','2022-02-03 11:47:40.000000',NULL,NULL,'BY000125318848',NULL,NULL,NULL,NULL,1.00,NULL,NULL,NULL,NULL,NULL,'Бычок',NULL,NULL,'Бык',NULL,NULL,6,8,NULL,4,6),(15,NULL,'2023-03-03 09:43:01.000000','Красная датская',_binary '','2023-03-04 09:43:05.000000',NULL,NULL,'BY000129350408',NULL,NULL,NULL,NULL,1.00,NULL,NULL,NULL,NULL,NULL,'Тёлочка',NULL,NULL,'Тёлочка',NULL,NULL,6,1,NULL,6,6),(16,NULL,'2023-04-05 09:09:05.000000','Красная датская',_binary '\0','2023-04-06 09:09:04.000000',NULL,NULL,'BY000129351276',NULL,NULL,NULL,NULL,1.00,NULL,NULL,NULL,NULL,NULL,'Бычок',NULL,NULL,'Бычок',NULL,NULL,6,4,NULL,7,6),(17,5.00,'2024-04-09 12:08:56.216420','Англерская',_binary '','2024-04-09 12:08:56.216420',NULL,NULL,'BY000040985777',NULL,NULL,NULL,NULL,6.00,NULL,NULL,'Зебра',NULL,NULL,'Тёлочка',NULL,NULL,'Нетель',4.00,7.00,8,2,NULL,8,NULL),(18,5.00,'2024-04-09 12:12:23.175902','Ярославская',_binary '','2024-04-09 12:12:23.175902',NULL,NULL,'BY000040967584',NULL,NULL,NULL,NULL,4.00,NULL,NULL,'Кусач',NULL,NULL,'Бычок',NULL,NULL,'Бык',6.00,3.00,7,2,NULL,8,NULL),(19,2.00,'2024-04-10 11:32:45.553475','Англерская',_binary '','2024-04-10 11:32:45.553475',NULL,NULL,'BY000040985799',NULL,NULL,NULL,NULL,2.00,NULL,NULL,'Иван',NULL,NULL,'Бычок',NULL,NULL,'Бык',2.00,2.00,7,1,NULL,8,NULL),(20,3.00,'2024-04-19 12:15:00.000000','Англерская',_binary '','2024-04-16 12:07:48.506589',NULL,NULL,'BY000040985711',NULL,NULL,NULL,NULL,3.00,NULL,NULL,'кличка',NULL,NULL,'Тёлочка',NULL,NULL,'Нетель',3.00,3.00,1,3,NULL,3,NULL),(21,4.00,'2024-04-19 12:00:00.000000','Голландская',_binary '\0','2024-04-16 12:30:47.117960',NULL,NULL,'BY000040985713',NULL,NULL,NULL,NULL,4.00,NULL,NULL,'',NULL,NULL,'Тёлочка',NULL,NULL,'Телочка',4.00,4.00,2,5,NULL,2,NULL),(22,55.00,'2024-04-24 12:00:00.000000','Англерская',_binary '\0','2024-04-30 16:01:04.306720',NULL,NULL,'BY000040984758',NULL,NULL,NULL,NULL,55.00,NULL,NULL,'Зебра',NULL,NULL,'Тёлочка',NULL,NULL,'Корова',5.00,5.00,1,NULL,NULL,NULL,NULL);
/*!40000 ALTER TABLE `animal_passports` ENABLE KEYS */;
UNLOCK TABLES;

--
-- Table structure for table `farms`
--

DROP TABLE IF EXISTS `farms`;
/*!40101 SET @saved_cs_client     = @@character_set_client */;
/*!50503 SET character_set_client = utf8mb4 */;
CREATE TABLE `farms` (
  `farm_id` bigint NOT NULL AUTO_INCREMENT,
  `former_name` varchar(255) NOT NULL,
  `forming_date` datetime(6) NOT NULL,
  `gln` varchar(255) NOT NULL,
  `is_formed` bit(1) NOT NULL,
  `name` varchar(255) NOT NULL,
  `registration_date` datetime(6) NOT NULL,
  `location_id` bigint NOT NULL,
  `organization_id` bigint NOT NULL,
  `owner_id` bigint NOT NULL,
  PRIMARY KEY (`farm_id`),
  KEY `FK92kfpik0iqbmhbdhoo9ick4s7` (`location_id`),
  KEY `FK6x52dkyl5mp0iyq5pdlro5uqr` (`organization_id`),
  KEY `FKcnlui89xbuf8ijs2bw4elh6r6` (`owner_id`),
  CONSTRAINT `FK6x52dkyl5mp0iyq5pdlro5uqr` FOREIGN KEY (`organization_id`) REFERENCES `organizations` (`organization_id`),
  CONSTRAINT `FK92kfpik0iqbmhbdhoo9ick4s7` FOREIGN KEY (`location_id`) REFERENCES `locations` (`location_id`),
  CONSTRAINT `FKcnlui89xbuf8ijs2bw4elh6r6` FOREIGN KEY (`owner_id`) REFERENCES `owners` (`owner_id`)
) ENGINE=InnoDB AUTO_INCREMENT=19 DEFAULT CHARSET=utf8mb4 COLLATE=utf8mb4_0900_ai_ci;
/*!40101 SET character_set_client = @saved_cs_client */;

--
-- Dumping data for table `farms`
--

LOCK TABLES `farms` WRITE;
/*!40000 ALTER TABLE `farms` DISABLE KEYS */;
INSERT INTO `farms` VALUES (1,'Adm_Vitobl','2017-12-07 12:07:09.000000','4818001111030',_binary '','Ферма \"Горбацевичи\"','2016-05-11 00:00:00.000000',2,1,2),(2,'Adm_Vitobl','2017-12-07 12:06:36.000000','4818001111016',_binary '','МТФ \"Устье\"','2016-05-18 00:00:00.000000',3,1,2),(3,'Adm_Vitobl','2017-12-07 12:07:45.000000','4818001111047',_binary '','МФТ \"Барань\"','2016-05-18 00:00:00.000000',4,1,2),(4,'gvolga2007','2016-05-18 19:27:30.000000','4818001111054',_binary '','МФТ \"Мезеново\"','2016-05-18 00:00:00.000000',5,1,2),(5,'gvolga2007','2016-05-18 19:28:52.000000','4818001111061',_binary '','Ферма \"Лисуны\"','2016-05-18 00:00:00.000000',6,1,2),(6,'Alena','2020-11-30 09:10:33.000000','4818001111078',_binary '','Молочно-товарный комплекс \"Устенский\"','2020-11-30 09:09:29.000000',7,1,2),(7,'','2024-04-08 11:11:51.241372','2535464',_binary '\0','Нооферма','2024-04-08 11:11:51.242374',13,1,8),(8,'','2024-04-08 11:24:57.359793','2535464',_binary '\0','Нооферма 2','2024-04-08 11:24:57.359793',14,1,9),(9,'','2024-04-11 12:40:41.896151','575758',_binary '\0','Мир','2024-04-11 12:40:41.896151',15,1,10),(10,'','2024-04-15 11:45:44.536399','575758',_binary '\0','Нооферма 3','2024-04-04 12:55:00.000000',16,1,11),(11,'','2024-04-15 11:50:07.358232','575758345',_binary '\0','Нооферма 4','2024-04-26 17:30:00.000000',17,1,12),(12,'','2024-04-15 11:53:49.542381','575758',_binary '\0','Нооферма 5','2024-05-10 12:00:00.000000',18,1,13),(13,'','2024-04-16 10:38:00.141887','575758',_binary '\0','Нооферма 5','2024-04-18 12:00:00.000000',19,1,14),(14,'','2024-04-16 10:39:12.333897','575758',_binary '\0','Нооферма 5','2024-04-18 12:00:00.000000',20,1,15),(15,'','2024-04-16 10:39:41.275206','575758',_binary '\0','Нооферма 3','2024-05-03 12:15:00.000000',21,1,16),(16,'','2024-04-16 10:44:29.955445','575758',_binary '\0','Нооферма 3','2024-05-04 12:20:00.000000',22,1,17),(17,'','2024-04-16 10:53:42.104385','575758',_binary '\0','Нооферма 5','2024-04-18 12:00:00.000000',23,1,18),(18,'','2024-04-16 11:01:36.714036','2535464',_binary '','Екатерина','2024-04-26 12:00:00.000000',24,1,19);
/*!40000 ALTER TABLE `farms` ENABLE KEYS */;
UNLOCK TABLES;

--
-- Table structure for table `feed_groups`
--

DROP TABLE IF EXISTS `feed_groups`;
/*!40101 SET @saved_cs_client     = @@character_set_client */;
/*!50503 SET character_set_client = utf8mb4 */;
CREATE TABLE `feed_groups` (
  `feed_group_id` bigint NOT NULL AUTO_INCREMENT,
  `age` int DEFAULT NULL,
  `genetic_weight` decimal(38,2) DEFAULT NULL,
  `productivity` decimal(38,2) DEFAULT NULL,
  `type` varchar(255) NOT NULL,
  `weight` decimal(38,2) DEFAULT NULL,
  `nutrients_rate_id` bigint DEFAULT NULL,
  PRIMARY KEY (`feed_group_id`),
  KEY `FK21w93yjy7lxacbi4btp94u4hs` (`nutrients_rate_id`),
  CONSTRAINT `FK21w93yjy7lxacbi4btp94u4hs` FOREIGN KEY (`nutrients_rate_id`) REFERENCES `nutrients` (`nutrients_id`)
) ENGINE=InnoDB AUTO_INCREMENT=181 DEFAULT CHARSET=utf8mb4 COLLATE=utf8mb4_0900_ai_ci;
/*!40101 SET character_set_client = @saved_cs_client */;

--
-- Dumping data for table `feed_groups`
--

LOCK TABLES `feed_groups` WRITE;
/*!40000 ALTER TABLE `feed_groups` DISABLE KEYS */;
INSERT INTO `feed_groups` VALUES (1,NULL,NULL,NULL,'Коровы с суточным удоем     8 кг молока массой 500 кг',NULL,732),(2,NULL,NULL,NULL,'Коровы с суточным удоем   12   кг молока массой 500 кг',NULL,733),(3,NULL,NULL,NULL,'Коровы с суточным удоем 10  кг молока массой 500 кг',NULL,734),(4,NULL,NULL,NULL,'Коровы с суточным удоем   14   кг молока массой 500 кг',NULL,735),(5,NULL,NULL,NULL,'Коровы с суточным удоем   16 кг молока массой 500 кг',NULL,736),(6,NULL,NULL,NULL,'Коровы с суточным удоем  18 кг молока массой 500 кг',NULL,737),(7,NULL,NULL,NULL,'Коровы с суточным удоем  20 кг молока массой 500 кг',NULL,738),(8,NULL,NULL,NULL,'Коровы с суточным удоем 22   кг молока массой 500 кг',NULL,739),(9,NULL,NULL,NULL,'Коровы с суточным удоем  24  кг молока массой 500 кг',NULL,740),(10,NULL,NULL,NULL,'Коровы с суточным удоем   26 кг молока массой 500 кг',NULL,741),(11,NULL,NULL,NULL,'Коровы с суточным удоем  28  кг молока массой 500 кг',NULL,742),(12,NULL,NULL,NULL,'Коровы с суточным удоем  32 кг молока массой 500 кг',NULL,743),(13,NULL,NULL,NULL,'Коровы с суточным удоем  8 кг молока массой 550 кг',NULL,744),(14,NULL,NULL,NULL,'Коровы с суточным удоем  10 кг молока массой 550 кг',NULL,745),(15,NULL,NULL,NULL,'Коровы с суточным удоем  12 кг молока массой 550 кг',NULL,746),(16,NULL,NULL,NULL,'Коровы с суточным удоем 14 кг молока массой 550 кг',NULL,747),(17,NULL,NULL,NULL,'Коровы с суточным удоем  16 кг молока массой 550 кг',NULL,748),(18,NULL,NULL,NULL,'Коровы с суточным удоем  18 кг молока массой 550 кг',NULL,749),(19,NULL,NULL,NULL,'Коровы с суточным удоем  20 кг молока массой 550 кг',NULL,750),(20,NULL,NULL,NULL,'Коровы с суточным удоем  22 кг молока массой 550 кг',NULL,751),(21,NULL,NULL,NULL,'Коровы с суточным удоем  24 кг молока массой 550 кг',NULL,752),(22,NULL,NULL,NULL,'Коровы с суточным удоем  26 кг молока массой 550 кг',NULL,753),(23,NULL,NULL,NULL,'Коровы с суточным удоем 28 кг молока массой 550 кг',NULL,754),(24,NULL,NULL,NULL,'Коровы с суточным удоем  30 кг молока массой 550 кг',NULL,755),(25,NULL,NULL,NULL,'Коровы с суточным удоем  32 кг молока массой 550 кг',NULL,756),(26,NULL,NULL,NULL,'Коровы с суточным удоем 34 кг молока массой 550 кг',NULL,757),(27,NULL,NULL,NULL,'Коровы с суточным удоем  36 кг молока массой 550 кг',NULL,758),(28,NULL,NULL,NULL,'Коровы с суточным удоем  38 кг молока массой 550 кг',NULL,759),(29,NULL,NULL,NULL,'Коровы с суточным удоем  40 кг молока массой 550 кг',NULL,760),(30,NULL,NULL,NULL,'Коровы с суточным удоем  42 кг молока массой 550 кг',NULL,761),(31,NULL,NULL,NULL,'Коровы с суточным удоем  44 кг молока массой 550 кг',NULL,762),(32,NULL,NULL,NULL,'Коровы с суточным удоем  46 кг молока массой 550 кг',NULL,763),(33,NULL,NULL,NULL,'Коровы с суточным удоем  48 кг молока массой 550 кг',NULL,764),(34,NULL,NULL,NULL,'Коровы с суточным удоем  12 кг молока массой 600 кг',NULL,765),(35,NULL,NULL,NULL,'Коровы с суточным удоем 14 кг молока массой 600 кг',NULL,766),(36,NULL,NULL,NULL,'Коровы с суточным удоем 16 кг молока массой 600 кг',NULL,767),(37,NULL,NULL,NULL,'Коровы с суточным удоем 18 кг молока массой 600 кг',NULL,768),(38,NULL,NULL,NULL,'Коровы с суточным удоем 20 кг молока массой 600 кг',NULL,769),(39,NULL,NULL,NULL,'Коровы с суточным удоем 22  кг молока массой 600 кг',NULL,770),(40,NULL,NULL,NULL,'Коровы с суточным удоем 24кг молока массой 600 кг',NULL,771),(41,NULL,NULL,NULL,'Коровы с суточным удоем 26 кг молока массой 600 кг',NULL,772),(42,NULL,NULL,NULL,'Коровы с суточным удоем 28 кг молока массой 600 кг',NULL,773),(43,NULL,NULL,NULL,'Коровы с суточным удоем  30  кг молока массой 600 кг',NULL,774),(44,NULL,NULL,NULL,'Коровы с суточным удоем  32 кг молока массой 600 кг',NULL,775),(45,NULL,NULL,NULL,'Коровы с суточным удоем  36кг молока массой 600 кг',NULL,776),(46,NULL,NULL,NULL,'Коровы с суточным удоем  40  кг молока массой 600 кг',NULL,777),(47,NULL,NULL,NULL,'Коровы с суточным удоем  12 кг молока массой 650 кг',NULL,778),(48,NULL,NULL,NULL,'Коровы с суточным удоем 14 кг молока массой 650 кг',NULL,779),(49,NULL,NULL,NULL,'Коровы с суточным удоем  16 кг молока массой 650 кг',NULL,780),(50,NULL,NULL,NULL,'Коровы с суточным удоем  18 кг молока массой 650 кг',NULL,781),(51,NULL,NULL,NULL,'Коровы с суточным удоем  20 кг молока массой 650 кг',NULL,782),(52,NULL,NULL,NULL,'Коровы с суточным удоем  22 кг молока массой 650 кг',NULL,783),(53,NULL,NULL,NULL,'Коровы с суточным удоем  24 кг молока массой 650 кг',NULL,784),(54,NULL,NULL,NULL,'Коровы с суточным удоем  26 кг молока массой 650 кг',NULL,785),(55,NULL,NULL,NULL,'Коровы с суточным удоем  28 кг молока массой 650 кг',NULL,786),(56,NULL,NULL,NULL,'Коровы с суточным удоем  30 кг молока массой 650 кг',NULL,787),(57,NULL,NULL,NULL,'Коровы с суточным удоем  32 кг молока массой 650 кг',NULL,788),(58,NULL,NULL,NULL,'Коровы с суточным удоем  34 кг молока массой 650 кг',NULL,789),(59,NULL,NULL,NULL,'Коровы с суточным удоем  36 кг молока массой 650 кг',NULL,790),(60,NULL,NULL,NULL,'Коровы с суточным удоем  38 кг молока массой 650 кг',NULL,791),(61,NULL,NULL,NULL,'Коровы с суточным удоем  40 кг молока массой 650 кг',NULL,792),(62,NULL,NULL,NULL,'Коровы с суточным удоем  42 кг молока массой 650 кг',NULL,793),(63,NULL,NULL,NULL,'Коровы с суточным удоем  44 кг молока массой 650 кг',NULL,794),(64,NULL,NULL,NULL,'Коровы с суточным удоем  46 кг молока массой 650 кг',NULL,795),(65,NULL,NULL,NULL,'Коровы с суточным удоем  48 кг молока массой 650 кг',NULL,796),(66,NULL,NULL,NULL,'Коровы с суточным удоем  50 кг молока массой 650 кг',NULL,797),(67,NULL,NULL,NULL,'Коровы с суточным удоем  52 кг молока массой 650 кг',NULL,798),(68,NULL,NULL,NULL,'Коровы с суточным удоем 54 кг молока массой 650 кг',NULL,799),(69,NULL,NULL,NULL,'Коровы стельные сухост массой 600 кг, план удой 6000',NULL,800),(70,NULL,NULL,NULL,'Коровы стельные сухост массой 600 кг, план удой 7000',NULL,801),(71,NULL,NULL,NULL,'Коровы стельные сухост массой 600 кг, план удой 8000',NULL,802),(72,NULL,NULL,NULL,'Коровы стельные сухост массой 400 кг, план удой 3000',NULL,803),(73,NULL,NULL,NULL,'Коровы стельные сухост массой 500 кг, план удой 3000',NULL,804),(74,NULL,NULL,NULL,'Коровы стельные сухост массой 400 кг, план удой 4000',NULL,805),(75,NULL,NULL,NULL,'Коровы стельные сухост массой 500 кг, план удой 4000',NULL,806),(76,NULL,NULL,NULL,'Коровы стельные сухост массой 500 кг, план удой 5000',NULL,807),(77,NULL,NULL,NULL,'Коровы стельные сухост массой 600 кг, план удой 5000',NULL,808),(78,NULL,NULL,NULL,'Коровы стельные сухост массой 500 кг, план удой 6000',NULL,809),(79,NULL,NULL,NULL,'Коровы стельные сухост массой 600 кг, план удой 6000',NULL,810),(80,NULL,NULL,NULL,'Коровы стельные сухост массой 600 кг, план удой 7000',NULL,811),(81,NULL,NULL,NULL,'Коровы стельные сухост массой 700 кг, план удой 7000',NULL,812),(82,NULL,NULL,NULL,'Коровы стельные сухост массой 600 кг, план удой 8000',NULL,813),(83,NULL,NULL,NULL,'Коровы стельные сухост массой 700 кг, план удой 8000',NULL,814),(84,NULL,NULL,NULL,'Пл. бычки 1 мес. возр с массой к 16 мес возрасту 500 кг',NULL,815),(85,NULL,NULL,NULL,'Пл. бычки 2 мес. возр с массой к 16 мес возрасту 500 кг',NULL,816),(86,NULL,NULL,NULL,'Пл. бычки 3 мес. возр с массой к 16 мес возрасту 500 кг',NULL,817),(87,NULL,NULL,NULL,'Пл. бычки 4 мес. возр с массой к 16 мес возрасту 500 кг',NULL,818),(88,NULL,NULL,NULL,'Пл. бычки 5 мес. возр с массой к 16 мес возрасту 500 кг',NULL,819),(89,NULL,NULL,NULL,'Пл. бычки 6 мес. возр с массой к 16 мес возрасту 500 кг',NULL,820),(90,NULL,NULL,NULL,'Пл. бычки 7-8 мес. возр с массой к 16 мес возрасту 500 кг',NULL,821),(91,NULL,NULL,NULL,'Пл. бычки 9-10 мес. возр с массой к 16 мес возрасту 500 кг',NULL,822),(92,NULL,NULL,NULL,'Пл. бычки 11-12 мес. возр с массой к 16 мес возрасту 500 кг',NULL,823),(93,NULL,NULL,NULL,'Пл. бычки 13-14 мес. возр с массой к 16 мес возрасту 500 кг',NULL,824),(94,NULL,NULL,NULL,'Пл. бычки 15-16 мес. возр с массой к 16 мес возрасту 500 кг',NULL,825),(95,NULL,NULL,NULL,'Нормы кормления быков  при повышенной нагрузке живой массой 500 кг.',NULL,826),(96,NULL,NULL,NULL,'Нормы кормления быков  при повышенной нагрузке живой массой 600 кг.',NULL,827),(97,NULL,NULL,NULL,'Нормы кормления быков  при повышенной нагрузке живой массой 700 кг.',NULL,828),(98,NULL,NULL,NULL,'Нормы кормления быков  при повышенной нагрузке живой массой 800 кг.',NULL,829),(99,NULL,NULL,NULL,'Нормы кормления быков  при повышенной нагрузке живой массой 900 кг.',NULL,830),(100,NULL,NULL,NULL,'Нормы кормления быков  при повышенной нагрузке живой массой 1000 кг.',NULL,831),(101,NULL,NULL,NULL,'Нормы кормления быков  при повышенной нагрузке живой массой 1100 кг.',NULL,832),(102,NULL,NULL,NULL,'Нормы кормления быков  при повышенной нагрузке живой массой 1200 кг.',NULL,833),(103,NULL,NULL,NULL,'Нормы кормления быков  при повышенной нагрузке живой массой 1300 кг.',NULL,834),(104,NULL,NULL,NULL,'Нормы кормления быков  при повышенной нагрузке живой массой 1400 кг.',NULL,835),(105,NULL,NULL,NULL,'Тёлок 1 мес. ж.м. 42 кг при выращивании коров 500-550 кг',NULL,836),(106,NULL,NULL,NULL,'Тёлок 2 мес. ж.м. 62 кг при выращивании коров 500-550 кг',NULL,837),(107,NULL,NULL,NULL,'Тёлок 3 мес. ж.м. 82 кг при выращивании коров 500-550 кг',NULL,838),(108,NULL,NULL,NULL,'Тёлок 4 мес. ж.м. 103 кг при выращивании коров 500-550 кг',NULL,839),(109,NULL,NULL,NULL,'Тёлок 5 мес. ж.м. 124кг при выращивании коров 500-550 кг',NULL,840),(110,NULL,NULL,NULL,'Тёлок 6 мес. ж.м. 145 кг при выращивании коров 500-550 кг',NULL,841),(111,NULL,NULL,NULL,'Тёлок 7 мес. ж.м. 164 кг при выращивании коров 500-550 кг',NULL,842),(112,NULL,NULL,NULL,'Тёлок 8 мес. ж.м. 182 кг при выращивании коров 500-550 кг',NULL,843),(113,NULL,NULL,NULL,'Тёлок 9 мес. ж.м. 199 кг при выращивании коров 500-550 кг',NULL,844),(114,NULL,NULL,NULL,'Тёлок 10 мес. ж.м. 217 кг при выращивании коров 500-550 кг',NULL,845),(115,NULL,NULL,NULL,'Тёлок 11 мес. ж.м. 234 кг при выращивании коров 500-550 кг',NULL,846),(116,NULL,NULL,NULL,'Тёлок 12 мес. ж.м. 252 кг при выращивании коров 500-550 кг',NULL,847),(117,NULL,NULL,NULL,'Тёлок 13 мес. ж.м. 267 кг при выращивании коров 500-550 кг',NULL,848),(118,NULL,NULL,NULL,'Тёлок 14 мес. ж.м. 281 кг при выращивании коров 500-550 кг',NULL,849),(119,NULL,NULL,NULL,'Тёлок 15 мес. ж.м. 296 кг при выращивании коров 500-550 кг',NULL,850),(120,NULL,NULL,NULL,'Тёлок 16 мес. ж.м. 310 кг при выращивании коров 500-550 кг',NULL,851),(121,NULL,NULL,NULL,'Тёлок 17 мес. ж.м. 324 кг при выращивании коров 500-550 кг',NULL,852),(122,NULL,NULL,NULL,'Тёлок 18 мес. ж.м. 338 кг при выращивании коров 500-550 кг',NULL,853),(123,NULL,NULL,NULL,'Тёлок 19 мес. ж.м. 352 кг при выращивании коров 500-550 кг',NULL,854),(124,NULL,NULL,NULL,'Тёлок 20 мес. ж.м. 367 кг при выращивании коров 500-550 кг',NULL,855),(125,NULL,NULL,NULL,'Тёлок 21 мес. ж.м. 381 кг при выращивании коров 500-550 кг',NULL,856),(126,NULL,NULL,NULL,'Тёлок 22 мес. ж.м. 395 кг при выращивании коров 500-550 кг',NULL,857),(127,NULL,NULL,NULL,'Тёлок 23 мес. ж.м. 409 кг при выращивании коров 500-550 кг',NULL,858),(128,NULL,NULL,NULL,'Тёлок 24 мес. ж.м. 423 кг при выращивании коров 500-550 кг',NULL,859),(129,NULL,NULL,NULL,'Тёлок 25 мес. ж.м. 438 кг при выращивании коров 500-550 кг',NULL,860),(130,NULL,NULL,NULL,'Тёлок 26 мес. ж.м. 455 кг при выращивании коров 500-550 кг',NULL,861),(131,NULL,NULL,NULL,'Тёлок 27 мес. ж.м. 471 кг при выращивании коров 500-550 кг',NULL,862),(132,NULL,NULL,NULL,'Тёлок 28 мес. ж.м. 487 кг при выращивании коров 500-550 кг',NULL,863),(133,NULL,NULL,NULL,'Тёлок 1 мес. ж.м. 48 кг при выращивании коров 600-650 кг',NULL,864),(134,NULL,NULL,NULL,'Тёлок 2 мес. ж.м. 72 кг при выращивании коров 600-650 кг',NULL,865),(135,NULL,NULL,NULL,'Тёлок 3 мес. ж.м. 95 кг при выращивании коров 600-650 кг',NULL,866),(136,NULL,NULL,NULL,'Тёлок 4 мес. ж.м. 118 кг при выращивании коров 600-650 кг',NULL,867),(137,NULL,NULL,NULL,'Тёлок 5 мес. ж.м. 142 кг при выращивании коров 600-650 кг',NULL,868),(138,NULL,NULL,NULL,'Тёлок 6 мес. ж.м. 164 кг при выращивании коров 600-650 кг',NULL,869),(139,NULL,NULL,NULL,'Тёлок 7 мес. ж.м. 186 кг при выращивании коров 600-650 кг',NULL,870),(140,NULL,NULL,NULL,'Тёлок 8 мес. ж.м. 207 кг при выращивании коров 600-650 кг',NULL,871),(141,NULL,NULL,NULL,'Тёлок 9 мес. ж.м. 227 кг при выращивании коров 600-650 кг',NULL,872),(142,NULL,NULL,NULL,'Тёлок 10 мес. ж.м. 248 кг при выращивании коров 600-650 кг',NULL,873),(143,NULL,NULL,NULL,'Тёлок 11 мес. ж.м. 269 кг при выращивании коров 600-650 кг',NULL,874),(144,NULL,NULL,NULL,'Тёлок 12 мес. ж.м. 290 кг при выращивании коров 600-650 кг',NULL,875),(145,NULL,NULL,NULL,'Тёлок 13 мес. ж.м. 309 кг при выращивании коров 600-650 кг',NULL,876),(146,NULL,NULL,NULL,'Тёлок 14 мес. ж.м. 327 кг при выращивании коров 600-650 кг',NULL,877),(147,NULL,NULL,NULL,'Тёлок 15 мес. ж.м. 344 кг при выращивании коров 600-650 кг',NULL,878),(148,NULL,NULL,NULL,'Тёлок 16 мес. ж.м. 362 кг при выращивании коров 600-650 кг',NULL,879),(149,NULL,NULL,NULL,'Тёлок 17 мес. ж.м. 379 кг при выращивании коров 600-650 кг',NULL,880),(150,NULL,NULL,NULL,'Тёлок 18 мес. ж.м. 397 кг при выращивании коров 600-650 кг',NULL,881),(151,NULL,NULL,NULL,'Тёлок 19 мес. ж.м. 413 кг при выращивании коров 600-650 кг',NULL,882),(152,NULL,NULL,NULL,'Тёлок 20 мес. ж.м. 428 кг при выращивании коров 600-650 кг',NULL,883),(153,NULL,NULL,NULL,'Тёлок 21 мес. ж.м. 443 кг при выращивании коров 600-650 кг',NULL,884),(154,NULL,NULL,NULL,'Тёлок 22 мес. ж.м. 458 кг при выращивании коров 600-650 кг',NULL,885),(155,NULL,NULL,NULL,'Тёлок 23 мес. ж.м. 473 кг при выращивании коров 600-650 кг',NULL,886),(156,NULL,NULL,NULL,'Тёлок 24 мес. ж.м. 488 кг при выращивании коров 600-650 кг',NULL,887),(157,NULL,NULL,NULL,'Тёлок 25 мес. ж.м. 504 кг при выращивании коров 600-650 кг',NULL,888),(158,NULL,NULL,NULL,'Тёлок 26 мес. ж.м. 522 кг при выращивании коров 600-650 кг',NULL,889),(159,NULL,NULL,NULL,'Тёлок 27 мес. ж.м. 540 кг при выращивании коров 600-650 кг',NULL,890),(160,NULL,NULL,NULL,'Тёлок 28 мес. ж.м. 558 кг при выращивании коров 600-650 кг',NULL,891),(161,NULL,NULL,NULL,'на мясо 0-1 мес, 37 - 60 кг, и ср.сут. прирост 750   ,г  ',NULL,892),(162,NULL,NULL,NULL,'1-2/60 - 80, и ср.сут. прирост 800,г  ',NULL,893),(163,NULL,NULL,NULL,'2-3/80 -110, и ср.сут. прирост 850,г  ',NULL,894),(164,NULL,NULL,NULL,'3-4/110-135, и ср.сут. прирост 900,г  ',NULL,895),(165,NULL,NULL,NULL,'4-5/135-160, и ср.сут. прирост 900,г  ',NULL,896),(166,NULL,NULL,NULL,'1000/150 (прирост/масса)',NULL,897),(167,NULL,NULL,NULL,'1000/200',NULL,898),(168,NULL,NULL,NULL,'1000/250',NULL,899),(169,NULL,NULL,NULL,'1000/300',NULL,900),(170,NULL,NULL,NULL,'1000/350',NULL,901),(171,NULL,NULL,NULL,'1000/400',NULL,902),(172,NULL,NULL,NULL,'1000/450',NULL,903),(173,NULL,NULL,NULL,'1000/500',NULL,904),(174,NULL,NULL,NULL,'1200/200',NULL,905),(175,NULL,NULL,NULL,'1200/250',NULL,906),(176,NULL,NULL,NULL,'1200/300',NULL,907),(177,NULL,NULL,NULL,'1200/350',NULL,908),(178,NULL,NULL,NULL,'1200/400',NULL,909),(179,NULL,NULL,NULL,'1200/450',NULL,910),(180,NULL,NULL,NULL,'1200/500',NULL,911);
/*!40000 ALTER TABLE `feed_groups` ENABLE KEYS */;
UNLOCK TABLES;

--
-- Table structure for table `feeds`
--

DROP TABLE IF EXISTS `feeds`;
/*!40101 SET @saved_cs_client     = @@character_set_client */;
/*!50503 SET character_set_client = utf8mb4 */;
CREATE TABLE `feeds` (
  `feed_id` bigint NOT NULL AUTO_INCREMENT,
  `name` varchar(255) DEFAULT NULL,
  `type` varchar(255) DEFAULT NULL,
  `nutrients_id` bigint DEFAULT NULL,
  PRIMARY KEY (`feed_id`),
  KEY `FKrh7791o9fja8qjsemacgyht7v` (`nutrients_id`),
  CONSTRAINT `FKrh7791o9fja8qjsemacgyht7v` FOREIGN KEY (`nutrients_id`) REFERENCES `nutrients` (`nutrients_id`)
) ENGINE=InnoDB AUTO_INCREMENT=732 DEFAULT CHARSET=utf8mb4 COLLATE=utf8mb4_0900_ai_ci;
/*!40101 SET character_set_client = @saved_cs_client */;

--
-- Dumping data for table `feeds`
--

LOCK TABLES `feeds` WRITE;
/*!40000 ALTER TABLE `feeds` DISABLE KEYS */;
INSERT INTO `feeds` VALUES (1,'Барда пшеничная, свежая','водянистый',1),(2,'Барда пшеничная, сушеная','концентрированный',2),(3,'Барда ржаная, свежая','водянистый',3),(4,'Барда ржаная, силосованная','водянистый',4),(5,'Барда ржаная, сушеная','концентрированный',5),(6,'Барда ячменная, свежая','водянистый',6),(7,'Барда ячменная, сушеная','концентрированный',7),(8,'Барда,  кукурузная, свежая. ','водянистый',8),(9,'Барда, картофельная, свежая','водянистый',9),(10,'Барда, картофельная, сушеная','концентрированный',10),(11,'Барда, кукурузная, сушеная','концентрированный',11),(12,'Барда, овсяная свежая','водянистый',12),(13,'Барда, паточная свежая','водянистый',13),(14,'БВМД для дойных коров, телят до 6 мес и быков-производителей, номер рецепта 60-1','концентрированный',14),(15,'БВМД для дойных коров, телят до 6 мес и быков-производителей, номер рецепта 60-17','концентрированный',15),(16,'БВМД для дойных коров, телят до 6 мес и быков-производителей, номер рецепта 60-2','концентрированный',16),(17,'БВМД для дойных коров, телят до 6 мес и быков-производителей, номер рецепта 60-3','концентрированный',17),(18,'БВМД для дойных коров, телят до 6 мес и быков-производителей, номер рецепта 63-а','концентрированный',18),(19,'БВМД для дойных коров, телят до 6 мес и быков-производителей, номер рецепта 66-а','концентрированный',19),(20,'БВМД для молодняка КРС при выращивании и откорме, номер рецепта 1-й','концентрированный',20),(21,'БВМД для молодняка КРС при выращивании и откорме, номер рецепта 2-й','концентрированный',21),(22,'БВМД для молодняка КРС при выращивании и откорме, номер рецепта 3-й','концентрированный',22),(23,'БВМД для молодняка КРС при выращивании и откорме, номер рецепта 4-й','концентрированный',23),(24,'БВМД для молодняка КРС при выращивании и откорме, номер рецепта 5-й','концентрированный',24),(25,'БВМД для молодняка КРС при выращивании и откорме, номер рецепта 6-й','концентрированный',25),(26,'БВМД для молодняка КРС при выращивании и откорме, номер рецепта 7-й','концентрированный',26),(27,'БВМД для овец, номер рецепта 80а-1','концентрированный',27),(28,'БВМД для овец, номер рецепта 80а-2','концентрированный',28),(29,'БВМД для овец, номер рецепта 81а-4','концентрированный',29),(30,'БВМД для поросят-отъемышей, номер рецепта 51-2','концентрированный',30),(31,'БВМД для поросят-отъемышей, номер рецепта 51-3','концентрированный',31),(32,'БВМД для поросят-отъемышей, номер рецепта 51-4','концентрированный',32),(33,'БВМД для поросят-отъемышей, номер рецепта 51-5','концентрированный',33),(34,'БВМД для поросят-отъемышей, номер рецепта 51-6','концентрированный',34),(35,'БВМД для поросят-отъемышей, номер рецепта 51-7','концентрированный',35),(36,'БВМД для ремонтного молодняка свиней, номер рецепта 52-2','концентрированный',36),(37,'БВМД для ремонтного молодняка свиней, номер рецепта 52-3','концентрированный',37),(38,'БВМД для ремонтного молодняка свиней, номер рецепта 52-4','концентрированный',38),(39,'БВМД для ремонтного молодняка свиней, номер рецепта 52-а','концентрированный',39),(40,'БВМД для свиней при мясном откорме, номер рецепта 55-1','концентрированный',40),(41,'БВМД для свиней при мясном откорме, номер рецепта 55-2','концентрированный',41),(42,'БВМД для свиней при мясном откорме, номер рецепта 55-2а','концентрированный',42),(43,'БВМД для свиней при мясном откорме, номер рецепта 55-2б','концентрированный',43),(44,'БВМД для свиней при мясном откорме, номер рецепта 55-3','концентрированный',44),(45,'БВМД для свиней при мясном откорме, номер рецепта 57-1д','концентрированный',45),(46,'БВМД для свиней при мясном откорме, номер рецепта 57-2д','концентрированный',46),(47,'БВМД для свиней при мясном откорме, номер рецепта 57-6','концентрированный',47),(48,'БВМД для свиней при мясном откорме, номер рецепта 57-7','концентрированный',48),(49,'БВМД для свиноматок, номер рецепта 54-2','концентрированный',49),(50,'БВМД для свиноматок, номер рецепта 54-4','концентрированный',50),(51,'БВМД для свиноматок, номер рецепта 54-а','концентрированный',51),(52,'БВМД для свиноматок, номер рецепта 54-б','концентрированный',52),(53,'БВМД для свиноматок, номер рецепта 54-в','концентрированный',53),(54,'БВМД для свиноматок, номер рецепта 54-д','концентрированный',54),(55,'БВМД для свиноматок, номер рецепта 54-е','концентрированный',55),(56,'БВМД для свиноматок, номер рецепта 54-ж','концентрированный',56),(57,'Ботва брюквы','зеленый',57),(58,'Ботва брюквы','зеленый',58),(59,'Ботва капусты','зеленый',59),(60,'Ботва картофеля','зеленый',60),(61,'Ботва картофеля','зеленый',61),(62,'Ботва листья капусты','зеленый',62),(63,'Ботва моркови','зеленый',63),(64,'Ботва моркови','зеленый',64),(65,'Ботва свеклы кормовой','зеленый',65),(66,'Ботва свеклы кормовой','зеленый',66),(67,'Ботва свеклы полусахарной','зеленый',67),(68,'Ботва свеклы полусахарной','зеленый',68),(69,'Ботва свеклы сахарной','зеленый',69),(70,'Ботва свеклы сахарной','зеленый',70),(71,'Ботва свеклы столовой','зеленый',71),(72,'Ботва турнепса','зеленый',72),(73,'Ботва турнепса','зеленый',73),(74,'Веточный корм хвойная мука','грубый',74),(75,'Веточный корм хвойные лапки','грубый',75),(76,'Дробина пивная свежая','водянистый',76),(77,'Дробина пивная, свежая','водянистый',77),(78,'Дробина пивная, сушеная','концентрированный',78),(79,'Дрожжи БВК (паприн) ','концентрированный',79),(80,'Дрожжи кормовые гидролизные','концентрированный',80),(81,'Дрожжи кормовые сухие','концентрированный',81),(82,'Дрожжи пивные свежие','водянистый',82),(83,'Жир животный','концентрированный',83),(84,'Жмых льняной','концентрированный',84),(85,'Жмых подсолнечниковый','концентрированный',85),(86,'Жмых подсолнечниковый','концентрированный',86),(87,'Жмых рапсовый ','концентрированный',87),(88,'Жом свекловичный, кислый','водянистый',88),(89,'Жом свекловичный, свежий','водянистый',89),(90,'Жом свекловичный, сушеный','концентрированный',90),(91,'Зел масса кукурузы  восковой спелости','зеленый',91),(92,'Зел масса кукурузы  молочной спелости','зеленый',92),(93,'Зел масса кукурузы мол.-воск. спелости','зеленый',93),(94,'Зелен. корм из разных культур, гидропонная зелень ячменя ','зеленый',94),(95,'Зелен. корм из разных культур, горец Вейриха','зеленый',95),(96,'Зелен. корм из разных культур, капуста кормовая','зеленый',96),(97,'Зелен. корм из разных культур, крапива','зеленый',97),(98,'Зелен. корм из разных культур, лебеда ','зеленый',98),(99,'Зелен. корм из разных культур, мальва','зеленый',99),(100,'Зелен. корм из разных культур, окопник','зеленый',100),(101,'Зелен. корм из разных культур, подсолнечник','зеленый',101),(102,'Зелен. корм из разных культур, рапс озимый','зеленый',102),(103,'Зелен. корм из разных культур, рапс яровой','зеленый',103),(104,'Зелен. корм из разных культур, редька масличная','зеленый',104),(105,'Зелен. корм из разных культур, сильфия пронзеннолистная','зеленый',105),(106,'Зелёные корма капуста кормовая','зеленый',106),(107,'Зелёные корма крапива','зеленый',107),(108,'Зелёные корма рапс','зеленый',108),(109,'Зелёные корма топинамбур','зеленый',109),(110,'Зерна бобовых, бобы кормовые','концентрированный',110),(111,'Зерна бобовых, вика','концентрированный',111),(112,'Зерна бобовых, горох','концентрированный',112),(113,'Зерна бобовых, люпин','концентрированный',113),(114,'Зерна бобовых, пелюшка','концентрированный',114),(115,'Зерна злаковых, кукуруза','концентрированный',115),(116,'Зерна злаковых, овес','концентрированный',116),(117,'Зерна злаковых, просо','концентрированный',117),(118,'Зерна злаковых, пшеница','концентрированный',118),(119,'Зерна злаковых, рожь','концентрированный',119),(120,'Зерна злаковых, тритикале','концентрированный',120),(121,'Зерна злаковых, ячмень','концентрированный',121),(122,'Зерна и семена разных растений, гречиха','концентрированный',122),(123,'Зерна и семена разных растений, рапс','концентрированный',123),(124,'Зерна и семена разных растений, семя льняное','концентрированный',124),(125,'Зерно бобы кормовые','концентрированный',125),(126,'Зерно Горох','концентрированный',126),(127,'Зерно горох','концентрированный',127),(128,'Зерно кукуруза белая','концентрированный',128),(129,'Зерно кукуруза жёлтая','концентрированный',129),(130,'Зерно кукуруза с початками','концентрированный',130),(131,'Зерно овёс','концентрированный',131),(132,'Зерно просо','концентрированный',132),(133,'Зерно пшеница мягкая','концентрированный',133),(134,'Зерно пшеница твёрдая','концентрированный',134),(135,'Зерно рис','концентрированный',135),(136,'Зерно рожь','концентрированный',136),(137,'Зерно сорго','концентрированный',137),(138,'Зерно соя','концентрированный',138),(139,'зерно тритикале','концентрированный',139),(140,'Зерно ячмень','концентрированный',140),(141,'Зерноотходы','концентрированный',141),(142,'ЗерноПшеница','концентрированный',142),(143,'Комб. для свиноматок, подсосных, супоросных, (последняя 1/3 супоросности), К 54-1 ','концентрированный',143),(144,'Комб. для свиноматок, холостых, супоросных, подсосных; хряков и ремонтного молодняка, СК-1','концентрированный',144),(145,'Комбикорм для быков-производителей, К 66-3','концентрированный',145),(146,'Комбикорм для коров, К 60-3 (с мочевиной)','концентрированный',146),(147,'Комбикорм для коров, К 60-6 (с удоем до 20 кг)','концентрированный',147),(148,'Комбикорм для коров, К 60-7 (с удоем более 20кг)','концентрированный',148),(149,'Комбикорм для КРС на откорме','концентрированный',149),(150,'Комбикорм для молодняка КРС государств. комплексов, 116-400 дней, КР-3Б','концентрированный',150),(151,'Комбикорм для молодняка КРС государств. комплексов, 76-115 дней, КР-2Б ','концентрированный',151),(152,'Комбикорм для молодняка КРС, от 1 до 6 мес, К 61-2','концентрированный',152),(153,'Комбикорм для молодняка КРС, от 6 до 12 мес, К 63-2','концентрированный',153),(154,'Комбикорм для молодняка КРС, старше 12 мес, К 64-1','концентрированный',154),(155,'Комбикорм для откорма, 1 период, СК-26','концентрированный',155),(156,'Комбикорм для откорма, 2 период, СК-31','концентрированный',156),(157,'Комбикорм для откорма, 3 период, СК-36','концентрированный',157),(158,'Комбикорм для откорма, К55б-10','концентрированный',158),(159,'Комбикорм для поросят 0-60 дней, К 50-5','концентрированный',159),(160,'Комбикорм для поросят в возрасте, дней, 15-45, СК-11','концентрированный',160),(161,'Комбикорм для поросят в возрасте, дней, 43-60, СК-16','концентрированный',161),(162,'Комбикорм для поросят в возрасте, дней, 60-104, СК-21','концентрированный',162),(163,'Комбикорм для поросят в возрасте, дней, 61-120, К 51-Б10','концентрированный',163),(164,'Комбикорм для свиноматок, холостых, супоросных (первые 2/3 супоросности), К 53-2','концентрированный',164),(165,'Комбикорм для хряков-производителей, К 57-2','концентрированный',165),(166,'Комбикорм К60-6','концентрированный',166),(167,'Корнеклубнеплоды,  картофель запаренный','сочный',167),(168,'Корнеклубнеплоды,  картофель сушеный','концентрированный',168),(169,'Корнеклубнеплоды,  свекла кормовая','сочный',169),(170,'Корнеклубнеплоды,  свекла полусахарная','сочный',170),(171,'Корнеклубнеплоды,  свекла сахарная','сочный',171),(172,'Корнеклубнеплоды,  турнепс','сочный',172),(173,'Корнеклубнеплоды, бахчевые, брюква','сочный',173),(174,'Корнеклубнеплоды, бахчевые, кабачки','сочный',174),(175,'Корнеклубнеплоды, бахчевые, тыква ','сочный',175),(176,'Корнеклубнеплоды, картофель сырой','сочный',176),(177,'Корнеклубнеплоды, куузику','сочный',177),(178,'Корнеклубнеплоды, морковь красная','сочный',178),(179,'Корнеклубнеплоды, морковь сушеная','сочный',179),(180,'Корнеклубнеплоды, свекла столовая','сочный',180),(181,'Корнеклубнеплоды, топинамбур','сочный',181),(182,'Кукуруза, восковая спелость','зеленый',182),(183,'Кукуруза, молочная спелость','зеленый',183),(184,'Кукуруза, молочно-восков. спел. ','зеленый',184),(185,'Льняной жмых','концентрированный',185),(186,'Масло растительное','концентрированный',186),(187,'Мезга картофельная, свежая','водянистый',187),(188,'Мезга картофельная, силосованная','водянистый',188),(189,'Мезга картофельная, сушеная','концентрированный',189),(190,'Мел  кормовой  марки Б  ','минеральная добавка',190),(191,'Мел кормовой','минеральная добавка',191),(192,'Мел кормовой ','минеральная добавка',192),(193,'Молоко  сухое','концентрированный',193),(194,'Молоко , ЗЦМ сухой','концентрированный',194),(195,'Молоко , молозиво коровье','водянистый',195),(196,'Молоко , обрат свежий','водянистый',196),(197,'Молоко , обрат сушеный','концентрированный',197),(198,'Молоко , пахта свежая ','водянистый',198),(199,'Молоко , пахта сушеная','концентрированный',199),(200,'Молоко , регенерированное','концентрированный',200),(201,'Молоко , сыворотка сладкая','водянистый',201),(202,'Молоко , сыворотка сушеная','концентрированный',202),(203,'Молоко , цельное','водянистый',203),(204,'Молоко цельное сухое','концентрированный',204),(205,'Монокальцийфосфат','минеральная добавка',205),(206,'Мононатрийфосфат','минеральная добавка',206),(207,'Мука мясо-косная','концентрированный',207),(208,'Мука рыбная из непищевой рыбы','концентрированный',208),(209,'Мука хвойная','грубый',209),(210,'Мякина виковая','грубый',210),(211,'Мякина виковая','грубый',211),(212,'Мякина гороховая','грубый',212),(213,'Мякина гороховая','грубый',213),(214,'Мякина гречишная','грубый',214),(215,'Мякина гречишная','грубый',215),(216,'Мякина клеверная','грубый',216),(217,'Мякина клеверная','грубый',217),(218,'Мякина льняная','грубый',218),(219,'Мякина льняная','грубый',219),(220,'Мякина овсяная','грубый',220),(221,'Мякина овсяная','грубый',221),(222,'Мякина просяная','грубый',222),(223,'Мякина просяная','грубый',223),(224,'Мякина пшеничная','грубый',224),(225,'Мякина пшеничная озимая','грубый',225),(226,'Мякина пшеничная яровая','грубый',226),(227,'Мякина ржаная','грубый',227),(228,'Мякина ржаная','грубый',228),(229,'Мякина ячменная','грубый',229),(230,'Мякина ячменная','грубый',230),(231,'Обрат свежий','водянистый',231),(232,'Обрат сухой','концентрированный',232),(233,'Отава заливного луга','зеленый',233),(234,'Отава клевера','зеленый',234),(235,'Отава клевера-тимофеевки','зеленый',235),(236,'Отава низинного луга','зеленый',236),(237,'Отава суходольного луга','зеленый',237),(238,'Отава тимофеевки','зеленый',238),(239,'Отруби пшеничные ','концентрированный',239),(240,'отруби ржаные','концентрированный',240),(241,'Оттава естсественного сенокоса','зеленый',241),(242,'Оттава заливного луга','зеленый',242),(243,'Оттава зл.-разнотр. луга','зеленый',243),(244,'Оттава искусственного пастбища','зеленый',244),(245,'Оттава лугового пастбища','зеленый',245),(246,'Оттава суходольного луга','зеленый',246),(247,'Отттава овсянницы луговой','зеленый',247),(248,'Отходы мясной промышл., мука кровяная (протеина 60-70%)','концентрированный',248),(249,'Отходы мясной промышл., мука мясная (протеина 50-60%)','концентрированный',249),(250,'Отходы мясной промышл., мука мясная (протеина 50-60%)','концентрированный',250),(251,'Отходы мясной промышл., мука мясокостная','концентрированный',251),(252,'Отходы рыбной пром., мука рыбная, нежирная (прот. 60-65 %)','концентрированный',252),(253,'Отходы рыбной промышл., мука рыбная, жирная (протеина 65-70%) ','концентрированный',253),(254,'Отходы рыбной промышл., мука рыбная, жирная (протеина до 60%)','концентрированный',254),(255,'Отходы рыбной промышл., рыбный фарш из непищевой рыбы','концентрированный',255),(256,'Патока кормовая','концентрированный',256),(257,'Патока кормовая','концентрированный',257),(258,'Пищевые отходы индивидуального питания','водянистый',258),(259,'Пищевые отходы столовых и кухонь ','водянистый',259),(260,'Початки кукурузы восковой спелости','концентрированный',260),(261,'Початки кукурузы мол.-воск. спелости','концентрированный',261),(262,'Початки кукурузы молочной спелости','концентрированный',262),(263,'Преципитат','минеральная добавка',263),(264,'Пшеничные отруби','концентрированный',264),(265,'Ржаные отруби','концентрированный',265),(266,'Сахар ','концентрированный',266),(267,'Сенаж вико-овсяный','грубый',267),(268,'Сенаж викоовсяный, класс качества 1-й','грубый',268),(269,'Сенаж викоовсяный, класс качества 3-й','грубый',269),(270,'Сенаж горохо-овсяный','грубый',270),(271,'Сенаж горохоовсяный, класс качества 1-й','грубый',271),(272,'Сенаж горохоовсяный, класс качества 2-й','грубый',272),(273,'Сенаж горохоовсяный, класс качества 3-й','грубый',273),(274,'Сенаж злаковых многолет. трав, класс качества 1-й','грубый',274),(275,'Сенаж злаковых многолет. трав, класс качества 3-й','грубый',275),(276,'Сенаж клеверный ','грубый',276),(277,'Сенаж клеверный, класс качества 1-й','грубый',277),(278,'Сенаж клеверный, класс качества 2-й','грубый',278),(279,'Сенаж клеверный, класс качества3-й','грубый',279),(280,'Сенаж клеверотимофеечный, касс качества 2-й','грубый',280),(281,'Сенаж клеверотимофеечный, касс качества 3-й','грубый',281),(282,'Сенаж люцерновый','грубый',282),(283,'Сенаж люцерновый, класс качества 2-й','грубый',283),(284,'Сенаж люцерновый, класс качества 3-й','грубый',284),(285,'Сенаж разнотравный','грубый',285),(286,'Сенаж разнотравный, класс качества 2-й','грубый',286),(287,'Сенаж разнотравный, класс качества 3-й','грубый',287),(288,'Сенаж ржаной','грубый',288),(289,'Сенаж тимофеечный, класс качества 1-й','грубый',289),(290,'Сенаж тимофеечный, класс качества 2-й','грубый',290),(291,'Сенаж тимофеечный, класс качества 3-й','грубый',291),(292,'Сенная мука вико-овсяная','грубый',292),(293,'Сенная мука горохо-овсяная','грубый',293),(294,'Сенная мука клеверная','грубый',294),(295,'Сенная мука люцерновая','грубый',295),(296,'Сенная мука разнотравная','грубый',296),(297,'Сено  злаковое посевное злаковое','грубый',297),(298,'Сено естеств  угодий мятликово-пырейно-разнотр.','грубый',298),(299,'Сено естеств угодий заливное зл.-разнотравное','грубый',299),(300,'Сено естеств угодий разнотравно-злаково-бобовое','грубый',300),(301,'Сено естеств угодий разнотравно-осоковое','грубый',301),(302,'Сено естеств угодий степное разнотравно-злаковое','грубый',302),(303,'Сено естеств. угод, луговое суходольное, рассыпное полевойсушки кл. качества, 1-й ','грубый',303),(304,'Сено естеств. угод, луговое суходольное, рассыпное полевойсушки кл. качества, 2-й','грубый',304),(305,'Сено естеств. угод, луговое суходольное, рассыпное полевойсушки кл. качества, 3-й','грубый',305),(306,'Сено естеств. угод, луговое суходольное, рассыпное, досушен.активным вентилированием, кл. качества 1-й','грубый',306),(307,'Сено естеств. угод, луговое суходольное, рассыпное, досушен.активным вентилированием, кл. качества 1-й','грубый',307),(308,'Сено естеств. угод, луговое суходольное, рассыпное, досушен.активным вентилированием, кл. качества 2-й','грубый',308),(309,'Сено естеств. угод, луговое суходольное, рассыпное, досушен.активным вентилированием, кл. качества 2-й','грубый',309),(310,'Сено естеств. угод, луговое суходольное, рассыпное, досушен.активным вентилированием, кл. качества 3-й','грубый',310),(311,'Сено естеств. угод, луговое суходольное, рассыпное, досушен.активным вентилированием, кл. качества 3-й','грубый',311),(312,'Сено естеств. угодий, бобово-разнотр., класс кач-ва, 1-й ','грубый',312),(313,'Сено естеств. угодий, бобово-разнотр., класс кач-ва, 2-й','грубый',313),(314,'Сено естеств. угодий, бобово-разнотр., класс кач-ва, 3-й','грубый',314),(315,'Сено естеств. угодий, болотное, злаково-осоковое','грубый',315),(316,'Сено естеств. угодий, болотное, осоковое','грубый',316),(317,'Сено естеств. угодий, болотное, разнотравно-осоковое','грубый',317),(318,'Сено естеств. угодий, заливное, поймы рек, ','грубый',318),(319,'Сено естеств. угодий, заливное, поймы рек,  Лань','грубый',319),(320,'Сено естеств. угодий, заливное, поймы рек,  Мухавец','грубый',320),(321,'Сено естеств. угодий, заливное, поймы рек,  Неман','грубый',321),(322,'Сено естеств. угодий, заливное, поймы рек,  Случь','грубый',322),(323,'Сено естеств. угодий, заливное, поймы рек, Вилия','грубый',323),(324,'Сено естеств. угодий, заливное, поймы рек, Горынь','грубый',324),(325,'Сено естеств. угодий, заливное, поймы рек, Днепр','грубый',325),(326,'Сено естеств. угодий, заливное, поймы рек, Дрисса','грубый',326),(327,'Сено естеств. угодий, заливное, поймы рек, Ипуть','грубый',327),(328,'Сено естеств. угодий, заливное, поймы рек, Припять','грубый',328),(329,'Сено естеств. угодий, заливное, поймы рек, Россь','грубый',329),(330,'Сено естеств. угодий, заливное, поймы рек, Сож','грубый',330),(331,'Сено естеств. угодий, злаково-бобовое, кл. кач-ва, 1-й','грубый',331),(332,'Сено естеств. угодий, злаково-бобовое, кл. кач-ва, 2-й','грубый',332),(333,'Сено естеств. угодий, злаково-бобовое, кл. кач-ва, 3-й','грубый',333),(334,'Сено естеств. угодий, злаково-разнотравное, кл. кач-ва, 1-й ','грубый',334),(335,'Сено естеств. угодий, злаково-разнотравное, кл. кач-ва, 2-й ','грубый',335),(336,'Сено естеств. угодий, злаково-разнотравное, кл. кач-ва, 3-й ','грубый',336),(337,'Сено естеств. угодий, злаковых многолет. трав, кл. кач-ва, 2-й ','грубый',337),(338,'Сено естеств. угодий, злаковых многолет. трав, кл. кач-ва, 3-й ','грубый',338),(339,'Сено естеств. угодий, лесное  ','грубый',339),(340,'Сено естеств.угодий, злаковых многолет. трав, кл. кач-ва, 1-й','грубый',340),(341,'Сено естественных угодий  луговое','грубый',341),(342,'Сено естественных угодий  луговое злаковое','грубый',342),(343,'Сено естественных угодий  луговое злаково-разнотр.','грубый',343),(344,'Сено естественных угодий  луговое колошение','грубый',344),(345,'Сено естественных угодий  луговое созр семян','грубый',345),(346,'Сено естественных угодий  луговое цветение','грубый',346),(347,'Сено естественных угодий бобово-разнотравное','грубый',347),(348,'Сено естественных угодий ежи сборной','грубый',348),(349,'Сено естественных угодий житняковое','грубый',349),(350,'Сено естественных угодий заливного луга','грубый',350),(351,'Сено естественных угодий злаковое','грубый',351),(352,'Сено естественных угодий крапивы','грубый',352),(353,'Сено естественных угодий лесное','грубый',353),(354,'Сено естественных угодий луга культурного','грубый',354),(355,'Сено естественных угодий мятликовое','грубый',355),(356,'Сено естественных угодий осоково-злаковое','грубый',356),(357,'Сено естественных угодий полевое','грубый',357),(358,'Сено естественных угодий полынное','грубый',358),(359,'Сено естественных угодий пырейно-разнотравное','грубый',359),(360,'Сено естественных угодий разнотравное','грубый',360),(361,'Сено естественных угодий разнотравно-злаковое','грубый',361),(362,'Сено естественных угодий суходольное','грубый',362),(363,'Сено отав заливного луга','грубый',363),(364,'Сено отав клевера красного','грубый',364),(365,'Сено отав многолетних трав','грубый',365),(366,'Сено отав низинного луга ','грубый',366),(367,'Сено отав суходольного луга','грубый',367),(368,'Сено отав тимофеевки','грубый',368),(369,'Сено посев. злак., тимофеечное, прессов, досушенноеактивным вентилированием, класс качества, 1-й   ','грубый',369),(370,'Сено посев. злак., тимофеечное, прессов, досушенноеактивным вентилированием, класс качества, 2-й   ','грубый',370),(371,'Сено посев. злак., тимофеечное, прессов, досушенноеактивным вентилированием, класс качества, 3-й   ','грубый',371),(372,'Сено посев. злак., тимофеечное, рассыпное полевой сушки,класс качества, 1-й   ','грубый',372),(373,'Сено посев. злак., тимофеечное, рассыпное полевой сушки,класс качества, 2-й   ','грубый',373),(374,'Сено посев. злак., тимофеечное, рассыпное полевой сушки,класс качества, 3-й   ','грубый',374),(375,'Сено посев. злак., тимофеечное, рассыпное, досушенноеактивным вентилированием,  класс качества, 1-й   ','грубый',375),(376,'Сено посев. злак., тимофеечное, рассыпное, досушенноеактивным вентилированием, класс качества, 2-й   ','грубый',376),(377,'Сено посев. злак., тимофеечное, рассыпное, досушенноеактивным вентилированием, класс качества, 3-й   ','грубый',377),(378,'Сено посев. смешан., клеверотимоф.,прессов., досушенноеактивным вентилированием, класс качества, 1-й','грубый',378),(379,'Сено посев. смешан., клеверотимоф.,прессов., досушенноеактивным вентилированием, класс качества, 2-й','грубый',379),(380,'Сено посев. смешан., клеверотимоф.,прессов., досушенноеактивным вентилированием, класс качества, 3-й','грубый',380),(381,'Сено посев. смешан., многолетних трав кл. к-ва 1-й','грубый',381),(382,'Сено посев. смешан., многолетних трав кл. к-ва 2-й','грубый',382),(383,'Сено посев. смешан., многолетних трав кл. к-ва 3-й','грубый',383),(384,'Сено посевн. бобов., клеверн., пресс, досушенное активным вентилированием, класс качества, 1-й','грубый',384),(385,'Сено посевн. бобов., клеверн., пресс, досушенное активным вентилированием, класс качества, 2-й','грубый',385),(386,'Сено посевн. бобов., клеверн., пресс, досушенное активным вентилированием, класс качества, 3-й','грубый',386),(387,'Сено посевн. бобов., клеверн., рассып, досушенноеактивным вентилированием, класс качества, 1-й','грубый',387),(388,'Сено посевн. бобов., клеверн., рассып, досушенноеактивным вентилированием, класс качества, 2-й','грубый',388),(389,'Сено посевн. бобов., клеверн., рассып, досушенноеактивным вентилированием, класс качества, 3-й','грубый',389),(390,'Сено посевн. бобов., клеверн., рассып. полевой сушки кл. 1-й','грубый',390),(391,'Сено посевн. бобов., клеверн., рассып. полевой сушки кл. 2-й','грубый',391),(392,'Сено посевн. бобов., клеверн., рассып. полевой сушки кл. 3-й','грубый',392),(393,'Сено посевное бобовое виковое','грубый',393),(394,'Сено посевное бобовое гороховое','грубый',394),(395,'Сено посевное бобовое донниковое','грубый',395),(396,'Сено посевное бобовое донниковое','грубый',396),(397,'Сено посевное бобовое клеверное','грубый',397),(398,'Сено посевное бобовое люцерновое','грубый',398),(399,'Сено посевное бобовое соевое','грубый',399),(400,'Сено посевное бобовое эспарцетовое','грубый',400),(401,'Сено посевное бобовое, виковое','грубый',401),(402,'Сено посевное бобовое, гороховое','грубый',402),(403,'Сено посевное бобовое, люцерновое','грубый',403),(404,'Сено посевное бобовое, сераделлы','грубый',404),(405,'Сено посевное злаковое ежи сборной','грубый',405),(406,'Сено посевное злаковое житняковое','грубый',406),(407,'Сено посевное злаковое злаковое-смешанное','грубый',407),(408,'Сено посевное злаковое костра безостого','грубый',408),(409,'Сено посевное злаковое кострецовое','грубый',409),(410,'Сено посевное злаковое кукурузное','грубый',410),(411,'Сено посевное злаковое лисохвоста лугового','грубый',411),(412,'Сено посевное злаковое могара','грубый',412),(413,'Сено посевное злаковое мятлика лугового','грубый',413),(414,'Сено посевное злаковое мятликовое','грубый',414),(415,'Сено посевное злаковое овсяницы луговой','грубый',415),(416,'Сено посевное злаковое овсяницы луговой','грубый',416),(417,'Сено посевное злаковое овсяное','грубый',417),(418,'Сено посевное злаковое овсяное ','грубый',418),(419,'Сено посевное злаковое просяное','грубый',419),(420,'Сено посевное злаковое райграса','грубый',420),(421,'Сено посевное злаковое ржаное','грубый',421),(422,'Сено посевное злаковое суданки','грубый',422),(423,'Сено посевное злаковое тимофеечное','грубый',423),(424,'Сено посевное злаковое, полевицы белой','грубый',424),(425,'Сено посевное злаковое, райграса','грубый',425),(426,'Сено посевное злаковое, ржи озимой','грубый',426),(427,'Сено посевное смешанное,  луга исскуственного залужения','грубый',427),(428,'Сено посевное смешанное, викоовсяное','грубый',428),(429,'Сено посевное смешанное, горохоовсяное','грубый',429),(430,'Сено посевное смешанное, клеверотимофеечное, рассыпноедосуш. активным вентилированием, класс качества, 1-й','грубый',430),(431,'Сено посевное смешанное, клеверотимофеечное, рассыпноедосуш. активным вентилированием, класс качества, 2-й','грубый',431),(432,'Сено посевное смешанное, клеверотимофеечное, рассыпноедосуш. активным вентилированием, класс качества, 3-й','грубый',432),(433,'Сено посевное смешанное, клеверотимофеечное, рассыпноеполевой сушки, класс к-ва 1-й','грубый',433),(434,'Сено посевное смешанное, клеверотимофеечное, рассыпноеполевой сушки, класс к-ва 2-й','грубый',434),(435,'Сено посевное смешаное вико-овсяное','грубый',435),(436,'Сено посевное смешаное зл-боб из однолет. трав','грубый',436),(437,'Сено посевное смешаное клеверо-тимофеечное','грубый',437),(438,'Сено посевное смешаное люцерно-житняковое','грубый',438),(439,'Сено посевное смешаное люцерно-кострецовое','грубый',439),(440,'Сено посевное смешаное тимофеечно-клеверное','грубый',440),(441,'Силос  кукуруз., кл. кач., 1-й (25% сух. в-ва) ','сочный',441),(442,'Силос  кукуруз., кл. кач., 1-й (33% сух. в-ва) ','сочный',442),(443,'Силос  подсолнечниковый','сочный',443),(444,'Силос , кукуруз., кл. кач., 1-й ','сочный',444),(445,'Силос , кукуруз., кл. кач., 2-й ','сочный',445),(446,'Силос , кукуруз., кл. кач., 3-й ','сочный',446),(447,'Силос вико-овсяный','сочный',447),(448,'Силос горохо-вико-овсяный','сочный',448),(449,'Силос гороховый','сочный',449),(450,'Силос горохо-овсяный','сочный',450),(451,'Силос из ботвы сахарной свеклы','сочный',451),(452,'Силос из гречихи Вейриха','сочный',452),(453,'Силос из запаренного картофеля','сочный',453),(454,'Силос из злак, овсяный, цветение - налив зерна ','сочный',454),(455,'Силос из злак. , тимофеечный, кл. кач., 1-й','сочный',455),(456,'Силос из злак. , тимофеечный, кл. кач., 2-й','сочный',456),(457,'Силос из злак. ., тимофеечный, кл. кач., 3-й','сочный',457),(458,'Силос из злак. и бобовых растений, клеверный, кл. кач., 1-й','сочный',458),(459,'Силос из злак. и бобовых растений, клеверный, кл. кач., 2-й','сочный',459),(460,'Силос из злак. и бобовых растений, клеверный, кл. кач., 3-й','сочный',460),(461,'Силос из злак. и бобовых растений, люпиновый, кл. кач., 1-й','сочный',461),(462,'Силос из злак. и бобовых растений, люпиновый, кл. кач., 2-й ','сочный',462),(463,'Силос из злак. и бобовых растений, люпиновый, кл. кач., 3-й','сочный',463),(464,'Силос из злак., ржи озимой ','сочный',464),(465,'Силос из злак.и бобов. раст., овсяный, молочн. спелость зерна ','сочный',465),(466,'Силос из злаковых и бобовых растений, гороховый','сочный',466),(467,'Силос из злаковых и бобовых растений, клеверной отавы','сочный',467),(468,'Силос из злаковых и бобовых растений, люцерновый ','сочный',468),(469,'Силос из луг. и сеяных трав, злак. многол. трав, кл. кач., 1-й','сочный',469),(470,'Силос из луг. и сеяных трав, злак. многол. трав, кл. кач., 2-й','сочный',470),(471,'Силос из луг. и сеяных трав, злак. многол. трав, кл. кач., 3-й','сочный',471),(472,'Силос из луг. и сеяных трав, злаков с клевером, кл. кач., 1-й','сочный',472),(473,'Силос из луг. и сеяных трав, злаков с клевером, кл. кач., 2-й','сочный',473),(474,'Силос из луг. и сеяных трав, злаков с клевером, кл. кач., 3-й ','сочный',474),(475,'Силос из луговых  и  сеяных трав, травы луговой  ','сочный',475),(476,'Силос из луговых и сеяных трав, болотных трав','сочный',476),(477,'Силос из луговых и сеяных трав, осоковый','сочный',477),(478,'Силос из луговых и сеяных трав, разнотравный, кл. кач., 1-й','сочный',478),(479,'Силос из луговых и сеяных трав, разнотравный, кл. кач., 2-й','сочный',479),(480,'Силос из луговых и сеяных трав, разнотравный, кл. кач., 3-й','сочный',480),(481,'Силос из разных растений, борщевика','сочный',481),(482,'Силос из рапса','сочный',482),(483,'Силос из сырого картофеля','сочный',483),(484,'Силос картофель (70%)+люцерна(30%)','сочный',484),(485,'Силос картофель +свекла+отава клевера','сочный',485),(486,'Силос клеверный','сочный',486),(487,'Силос кук почат(45%)+свекла(45%)+люцерна(10%)','сочный',487),(488,'Силос кукурузный','сочный',488),(489,'Силос люцерновый','сочный',489),(490,'Силос подсолнечный','сочный',490),(491,'Силос разнотравный','сочный',491),(492,'Силос смеш., комб., тимофеечно-клеверный, кл. кач. 1-й','сочный',492),(493,'Силос смеш., комб., тимофеечно-клеверный, кл. кач. 2-й','сочный',493),(494,'Силос смеш., комб., тимофеечно-клеверный, кл. кач. 3-й','сочный',494),(495,'Силос смеш., комбин., кукуруз. с мочевин.( 0,5% ), кл. кач., 1-й','сочный',495),(496,'Силос смеш., комбин., кукуруз. с мочевин.( 0,5% ), кл. кач., 2-й','сочный',496),(497,'Силос смеш., комбин., кукуруз. с мочевин.( 0,5% ), кл. кач., 3-й','сочный',497),(498,'Силос смешан, комбинир. люпиновый с ботвой сахарн. свеклы','сочный',498),(499,'Силос смешан, комбинир., запарен. картоф. + морковь ( 1 : 1 )','сочный',499),(500,'Силос смешан, комбинир.люпино-разнотравный, кл. кач.1-й','сочный',500),(501,'Силос смешан, комбинир.люпино-разнотравный, кл. кач.2-й','сочный',501),(502,'Силос смешан, комбинир.люпино-разнотравный, кл. кач.3-й','сочный',502),(503,'Силос смешан, комбиниров. початки кукурузы (45%),свекла (45%), люцерна (10%)','сочный',503),(504,'Силос смешан., комбинир., из запаренного картофеля ','сочный',504),(505,'Силос смешан., комбинир., кукурузн. с соломой кл. кач. 1-й ','сочный',505),(506,'Силос смешан., комбинир., кукурузн. с соломой кл. кач. 2-й ','сочный',506),(507,'Силос смешан., комбинир., кукурузн. с соломой кл. кач. 3-й ','сочный',507),(508,'Силос смешан., комбинир., кукурузно-люпиновый, кл. кач. 1-й','сочный',508),(509,'Силос смешан., комбинир., кукурузно-люпиновый, кл. кач. 2-й','сочный',509),(510,'Силос смешан., комбинир., кукурузно-люпиновый, кл. кач. 3-й','сочный',510),(511,'Силос смешанный, комбинир. кукурузно-подсолнечниковый','сочный',511),(512,'Силос смешанный, комбинир., из сырого картофеля ','сочный',512),(513,'Силос смешанный, комбиниров. моркови красной','сочный',513),(514,'Силос смешанный, комбиниров., вико-горохово-овсяный','сочный',514),(515,'Силос смешанный, комбиниров., викоовсяный, кл. кач., 1-й','сочный',515),(516,'Силос смешанный, комбиниров., викоовсяный, кл. кач., 2-й','сочный',516),(517,'Силос смешанный, комбиниров., викоовсяный, кл. кач., 3-й','сочный',517),(518,'Силос смешанный, комбиниров., запаренный картофель +люпин(16%), кукуруза(14%), морковь(10%)','сочный',518),(519,'Силос смешанный, комбиниров., запаренный картофель +морковь, капуста, початки кукурузы','сочный',519),(520,'Силос смешанный, комбиниров., запаренный картофель +морковь, капустный лист ( 2 : 1 :1 )','сочный',520),(521,'Силос смешанный, комбиниров., запаренный картофель +морковь, клеверная отава ( 2 : 1 : 1 )','сочный',521),(522,'Силос смешанный, комбиниров., запаренный картофель +морковь, сенная мука ( 2 : 1 : 1 )','сочный',522),(523,'Силос смешанный, комбиниров., запаренный картофель +початки кукурузы ( 1 : 1 )','сочный',523),(524,'Силос смешанный, комбиниров., запаренный картофель +свекла, отава клевера','сочный',524),(525,'Силос смешанный, комбиниров., свеклы с ботвой и соломой','сочный',525),(526,'Силос смешанный, комбиниров.люпино-овсяный, кл. кач. 1-й','сочный',526),(527,'Силос смешанный, комбиниров.люпино-овсяный, кл. кач. 2-й','сочный',527),(528,'Силос смешанный, комбиниров.люпино-овсяный, кл. кач. 3-й','сочный',528),(529,'Силос смешанный, комбиниров.люпино-подсолнечниковый','сочный',529),(530,'Силос смешанный, комбинирован., топинамбура','сочный',530),(531,'Соевый шрот','концентрированный',531),(532,'Солодовые ростки','концентрированный',532),(533,'Солома бобов кормовых','грубый',533),(534,'Солома бобовая','грубый',534),(535,'Солома виковая','грубый',535),(536,'Солома виковая','грубый',536),(537,'Солома вико-овсяная','грубый',537),(538,'Солома вико-овсяная','грубый',538),(539,'Солома гороховая','грубый',539),(540,'Солома гороховая','грубый',540),(541,'Солома горохо-овсяная','грубый',541),(542,'Солома горохо-овсяная','грубый',542),(543,'Солома гречишная','грубый',543),(544,'Солома гречишная','грубый',544),(545,'Солома клеверная','грубый',545),(546,'Солома клеверная','грубый',546),(547,'Солома клеверо-тимофеечная','грубый',547),(548,'Солома люпиновая','грубый',548),(549,'Солома овсяная','грубый',549),(550,'Солома овсяная','грубый',550),(551,'Солома пелюшковая','грубый',551),(552,'Солома просяная','грубый',552),(553,'Солома просяная','грубый',553),(554,'Солома пшеничная озимая','грубый',554),(555,'Солома пшеничная озимая','грубый',555),(556,'Солома пшеничная яровая','грубый',556),(557,'Солома пшеничная яровая','грубый',557),(558,'Солома райграса','грубый',558),(559,'Солома рапсовая','грубый',559),(560,'Солома ржаная озимая','грубый',560),(561,'Солома ржаная озимая','грубый',561),(562,'Солома ржаная яровая','грубый',562),(563,'Солома ржаная яровая','грубый',563),(564,'Солома сераделлы','грубый',564),(565,'Солома соевая','грубый',565),(566,'Солома тимофеечная','грубый',566),(567,'Солома ячменная','грубый',567),(568,'Солома ячменная','грубый',568),(569,'Соль поваренная','минеральная добавка',569),(570,'Трава бобово-разнотравно-злаковая','зеленый',570),(571,'Трава бобовых бобы кормовые','зеленый',571),(572,'Трава бобовых вика','зеленый',572),(573,'Трава бобовых горох','зеленый',573),(574,'Трава бобовых донник','зеленый',574),(575,'Трава бобовых клевер','зеленый',575),(576,'Трава бобовых клевер красный бутонизация','зеленый',576),(577,'Трава бобовых клевер красный цветение','зеленый',577),(578,'Трава бобовых клеверная отава','зеленый',578),(579,'Трава бобовых люпин','зеленый',579),(580,'Трава бобовых люцерна','зеленый',580),(581,'Трава бобовых люцерна бутонизация','зеленый',581),(582,'Трава бобовых люцерна цветение','зеленый',582),(583,'Трава заливного луга','зеленый',583),(584,'Трава злаково-разнотравного луга','зеленый',584),(585,'Трава зл-боб 1-го стравливания','зеленый',585),(586,'Трава исскуственного пастбища','зеленый',586),(587,'Трава клев.-тимоф. пастбища','зеленый',587),(588,'Трава клеверного пастбища','зеленый',588),(589,'Трава крестоцветных редька масличная','зеленый',589),(590,'Трава крестоцветных сурепица','зеленый',590),(591,'Трава лесного пастбища','зеленый',591),(592,'Трава лугового пастбища','зеленый',592),(593,'Трава мятликового пастбища','зеленый',593),(594,'Трава пастб. с преобл. ежи','зеленый',594),(595,'Трава посевн. зл. ежа сборн. ','зеленый',595),(596,'Трава посевн. зл. овсянница луговая','зеленый',596),(597,'Трава посевн. зл. просо кормовое','зеленый',597),(598,'Трава посевн. зл. Пшеница озимая','зеленый',598),(599,'Трава посевн. зл. Райграс','зеленый',599),(600,'Трава посевн. зл. Рожь озимая','зеленый',600),(601,'Трава посевн. зл. Сорго','зеленый',601),(602,'Трава посевных злаков тимофеевка','зеленый',602),(603,'Трава посевных злаков ячмень','зеленый',603),(604,'Трава смеш. культур вико-овсяная смесь до цв.','зеленый',604),(605,'Трава смеш. культур вико-овсяно-гороховая смесь','зеленый',605),(606,'Трава смешанных культур вико-овсяная смесь','зеленый',606),(607,'Трава смешанных культур вико-ржаная смесь','зеленый',607),(608,'Трава смешанных культур вико-ячменная смесь','зеленый',608),(609,'Трава смешанных культур горохо-овсяная','зеленый',609),(610,'Трава смешанных культур злаково-бобовая смесь','зеленый',610),(611,'Трава смешанных культур искусственого пастбища','зеленый',611),(612,'Трава смешанных культур клеверо-зл. смесь','зеленый',612),(613,'Трава смешанных культур клеверо-люцерно. смесь','зеленый',613),(614,'Трава смешанных культур клеверо-тимоф. отава','зеленый',614),(615,'Трава смешанных культур клеверо-тимоф. смесь','зеленый',615),(616,'Трава смешанных культур кукуруза-горох. смесь','зеленый',616),(617,'Травы бобовых посевных, бобы кормовые','зеленый',617),(618,'Травы бобовых посевных, вика, бутонизация','зеленый',618),(619,'Травы бобовых посевных, вика, образование бобов','зеленый',619),(620,'Травы бобовых посевных, вика, цветение','зеленый',620),(621,'Травы бобовых посевных, горох, бутонизация','зеленый',621),(622,'Травы бобовых посевных, горох, цветение','зеленый',622),(623,'Травы бобовых посевных, донник','зеленый',623),(624,'Травы бобовых посевных, клевер красный, бутонизация','зеленый',624),(625,'Травы бобовых посевных, клевер красный, цветение','зеленый',625),(626,'Травы бобовых посевных, люпин кормовой, бутонизация','зеленый',626),(627,'Травы бобовых посевных, люпин кормовой, сизые бобики','зеленый',627),(628,'Травы бобовых посевных, люпин кормовой, цветение','зеленый',628),(629,'Травы бобовых посевных, люцерна, бутонизация','зеленый',629),(630,'Травы бобовых посевных, люцерна, цветение','зеленый',630),(631,'Травы бобовых посевных, лядвенец рогатый','зеленый',631),(632,'Травы бобовых посевных, пелюшка','зеленый',632),(633,'Травы бобовых посевных, сераделла, бутонизация','зеленый',633),(634,'Травы бобовых посевных, сераделла,цветение','зеленый',634),(635,'Травы злаков посевных, ежи сборной ','зеленый',635),(636,'Травы злаков посевных, канареечник','зеленый',636),(637,'Травы злаков посевных, костер безостый','зеленый',637),(638,'Травы злаков посевных, кукуруз. почат., воск. спел.','зеленый',638),(639,'Травы злаков посевных, кукуруз. почат., мол.-воск. спел.','зеленый',639),(640,'Травы злаков посевных, кукуруза, выбрас. метелки','зеленый',640),(641,'Травы злаков посевных, кукуруза, цветение','зеленый',641),(642,'Травы злаков посевных, овес, выбрас. метелки','зеленый',642),(643,'Травы злаков посевных, овес, молочная спелость ','зеленый',643),(644,'Травы злаков посевных, овес, налив зерна','зеленый',644),(645,'Травы злаков посевных, овсян.луговая, выбрас метелки','зеленый',645),(646,'Травы злаков посевных, овсян.луговая, цветения','зеленый',646),(647,'Травы злаков посевных, полевица обыкновенная','зеленый',647),(648,'Травы злаков посевных, пшеница озимая','зеленый',648),(649,'Травы злаков посевных, райграс','зеленый',649),(650,'Травы злаков посевных, рожь озимая, выход в трубку','зеленый',650),(651,'Травы злаков посевных, рожь озимая, колошение','зеленый',651),(652,'Травы злаков посевных, суданка','зеленый',652),(653,'Травы злаков посевных, тимофеевка, конец цветения','зеленый',653),(654,'Травы злаков посевных, тимофеевка, начало цветения','зеленый',654),(655,'Травы злаков посевных, ячмень, выход в трубку','зеленый',655),(656,'Травы злаков посевных, ячмень, колошение','зеленый',656),(657,'Травы лугов и пастбищ бобово-разнотравно-злаковые','зеленый',657),(658,'Травы лугов и пастбищ болотные','зеленый',658),(659,'Травы лугов и пастбищ заболоченных','зеленый',659),(660,'Травы лугов и пастбищ лесокустарник. пастбища','зеленый',660),(661,'Травы лугов и пастбищ низинного луга','зеленый',661),(662,'Травы лугов и пастбищ суходольного луга','зеленый',662),(663,'Травы лугов и пастбищ суходольного пастбища','зеленый',663),(664,'Травы лугов и пастбищ, закустар. луга ','зеленый',664),(665,'Травы лугов и пастбищ, заливн. луга пониж. уровня ','зеленый',665),(666,'Травы лугов и пастбищ, заливн. луга реки Березина ','зеленый',666),(667,'Травы лугов и пастбищ, заливн. луга реки Горынь ','зеленый',667),(668,'Травы лугов и пастбищ, заливн. луга реки Днепр ','зеленый',668),(669,'Травы лугов и пастбищ, заливн. луга реки Неман','зеленый',669),(670,'Травы лугов и пастбищ, заливн. луга реки Ошмянка','зеленый',670),(671,'Травы лугов и пастбищ, заливн. луга реки Припять','зеленый',671),(672,'Травы лугов и пастбищ, заливн. луга реки Пронь','зеленый',672),(673,'Травы лугов и пастбищ, заливн. луга реки Сож','зеленый',673),(674,'Травы лугов и пастбищ, заливн. луга реки Сха','зеленый',674),(675,'Травы лугов и пастбищ, заливн. луга средн. уровня ','зеленый',675),(676,'Травы лугов и пастбищ, заливн. пастбища','зеленый',676),(677,'Травы лугов и пастбищ, злак-боб. I стравлив. ','зеленый',677),(678,'Травы лугов и пастбищ, злак-боб. II стравлив. ','зеленый',678),(679,'Травы лугов и пастбищ, культ. пастбища, злак. 1 стравлив.','зеленый',679),(680,'Травы лугов и пастбищ, культ. пастбища, злак. 2 стравлив.','зеленый',680),(681,'Травы лугов и пастбищ, культ. пастбища, злак-боб 1 стравлив.','зеленый',681),(682,'Травы лугов и пастбищ, культ. пастбища, злак-боб 2 стравлив.','зеленый',682),(683,'Травы лугов и пастбищ, культ. пастбища, тимофеечные ','зеленый',683),(684,'Травы лугов и пастбищ, культурн. пастбища, в среднем ','зеленый',684),(685,'Травы лугов и пастбищ, лесные ','зеленый',685),(686,'Травы лугов и пастбищ, осоковые ','зеленый',686),(687,'Травы мешанок посев. культ., клевер крас. с тимоф, до цветен.','зеленый',687),(688,'Травы мешанок посев. культ., клевер красн. с тимоф. цветение','зеленый',688),(689,'Травы мешанок посев. культ., люпин-овес, выбр. метелки','зеленый',689),(690,'Травы мешанок посев. культ., люпин-овес, цветение','зеленый',690),(691,'Травы мешанок посев. культур, люпин-овес, налив зерна','зеленый',691),(692,'Травы мешанок посев. культур, пелюшка-овес','зеленый',692),(693,'Травы мешанок посевных культур, вика-овес, до цветения','зеленый',693),(694,'Травы мешанок посевных культур, вика-овес, после цветения','зеленый',694),(695,'Травы мешанок посевных культур, вика-овес, цветение вики','зеленый',695),(696,'Травы мешанок посевных культур, вика-овес-горох','зеленый',696),(697,'Травы мешанок посевных культур, вика-ячмень','зеленый',697),(698,'Травы мешанок посевных культур, горох-овес, бутонизация','зеленый',698),(699,'Травы мешанок посевных культур, горох-овес, формир. бобов','зеленый',699),(700,'Травы мешанок посевных культур, горох-овес, цветение','зеленый',700),(701,'Травы мешанок посевных культур, злаково-бобовая смесь','зеленый',701),(702,'Травяная мука вико-овсяная','грубый',702),(703,'Травяная мука из гороха','грубый',703),(704,'Травяная мука из злаковой травосмеси ','грубый',704),(705,'Травяная мука из клевера красного ','грубый',705),(706,'Травяная мука из клевера с тимофеевкой ','грубый',706),(707,'Травяная мука из крапивы','грубый',707),(708,'Травяная мука из люцерны (бутонизация)','грубый',708),(709,'Травяная мука из люцерны (начало цветения)','грубый',709),(710,'Травяная мука из тимофеевки','грубый',710),(711,'Травяная мука клеверн','грубый',711),(712,'Травяная мука крапивы','грубый',712),(713,'Травяная мука люцерновая','грубый',713),(714,'Травяная мука разнотрав','грубый',714),(715,'Трикальцийфосфат','минеральная добавка',715),(716,'Шрот льняной','концентрированный',716),(717,'Шрот подсолнечниковый','концентрированный',717),(718,'Шрот рапсовый','концентрированный',718),(719,'Шрот соевый','концентрированный',719),(720,'Шрот хлопчатниковый','концентрированный',720),(721,'Шрот рапсовый тостированный, 1 сорт  (Коптевка)','концентрированный',721),(722,'Комбикорм собств. Пригот.(Коптевка)','концентрированный',722),(723,'Зел масса кукурузы мол.-воск. Спелости (Коптевка)','зеленый',723),(724,'Зел масса кукурузы мол.-воск. Спелости (для сравнения)','зеленый',724),(725,'Сено (Коптевка)','грубый',725),(726,'Сено посев. злак., тимофеечное, рассыпное полевой сушки,класс качества, 3-й (для сравн)   ','грубый',726),(727,'Силос злаково-боб.5% (Коптевка), тр.1, 776 т','сочный',727),(728,'Силос из луг. и сеяных трав, злак. многол. трав, кл. кач., 2-й','сочный',728),(729,'Сенаж (Коптевка)','грубый',729),(730,'Динатрийфосфат (водный)','минеральная добавка',730),(731,'Силос из сурепицы','сочный',731);
/*!40000 ALTER TABLE `feeds` ENABLE KEYS */;
UNLOCK TABLES;

--
-- Table structure for table `locations`
--

DROP TABLE IF EXISTS `locations`;
/*!40101 SET @saved_cs_client     = @@character_set_client */;
/*!50503 SET character_set_client = utf8mb4 */;
CREATE TABLE `locations` (
  `location_id` bigint NOT NULL AUTO_INCREMENT,
  `coordinates` varchar(255) NOT NULL,
  `corpus_number` varchar(255) DEFAULT NULL,
  `district` varchar(255) NOT NULL,
  `email` varchar(255) NOT NULL,
  `fax_number` varchar(255) DEFAULT NULL,
  `flat_number` varchar(255) DEFAULT NULL,
  `house_number` varchar(255) NOT NULL,
  `location_index` varchar(255) NOT NULL,
  `location_name` varchar(255) NOT NULL,
  `phone_number` varchar(255) NOT NULL,
  `region` varchar(255) NOT NULL,
  `street_name` varchar(255) NOT NULL,
  PRIMARY KEY (`location_id`)
) ENGINE=InnoDB AUTO_INCREMENT=25 DEFAULT CHARSET=utf8mb4 COLLATE=utf8mb4_0900_ai_ci;
/*!40101 SET character_set_client = @saved_cs_client */;

--
-- Dumping data for table `locations`
--

LOCK TABLES `locations` WRITE;
/*!40000 ALTER TABLE `locations` DISABLE KEYS */;
INSERT INTO `locations` VALUES (1,'54.435432;30.381196','-','Оршанский','gbuste@mail.ru','375216272442','-','18','211003','аг. Устье','375216272381','Витебская','Центральная'),(2,'-','-','Оршанский','gbuste@mail.ru','375216272442','-','-','211003','д. Торчилово','375216272381','Витебская','-'),(3,'-','-','Оршанский','gbuste@mail.ru','375216272442','-','-','211003','аг. Устье','375216272381','Витебская','-'),(4,'-','-','Оршанский','gbuste@mail.ru','375216272442','-','-','211011','д. Барань','375216272381','Витебская','-'),(5,'-','-','Оршанский','gbuste@mail.ru','375216272442','-','-','211007','д. Мезеново','375216272381','Витебская','-'),(6,'-','-','Оршанский','gbuste@mail.ru','375216272442','-','-','211007','д. Лисуны','375216272381','Витебская','-'),(7,'-','-','Оршанский','gbuste@mail.ru','80216272442','-','14','211003','Устенский с/с','80216272442','Витебская','-'),(8,'35345:8585','2','Советский','mobilefarm14@gmail.com','45678','5','5','220033','Минск','4567890','Минская','Центральная'),(9,'35345:8585','2','Советский','mobilefarm14@gmail.com','45678','5','5','220033','Минск','4567890','Минская','Центральная'),(10,'35345:8585','2','Советский','mobilefarm14@gmail.com','45678','5','5','220033','Минск','4567890','Минская','Центральная'),(11,'35345:8585','2','Советский','mobilefarm14@gmail.com','45678','5','5','220033','Минск','4567890','Минская','Центральная'),(12,'35345:8585','2','Советский','mobilefarm14@gmail.com','45678','5','5','220033','Минск','4567890','Минская','Центральная'),(13,'35345:8585','2','Советский','mobilefarm14@gmail.com','45678','5','5','220033','Минск','4567890','Минская','Центральная'),(14,'35345:8585','2','Советский','mobilefarm14@gmail.com','45678','5','5','220033','Минск','4567890','Минская','Центральная'),(15,'34567','4','Поставский','mir@gmail.com','45678','4','5','124355','Поставы','45678903','Витебская','Центральная'),(16,'34567','4','Поставский','mobilefarm34yd@gmail.com','45678','4','5','34567890','Поставы','4567890','Витебская','Центральная'),(17,'34567','4','Поставский','mobilefarm345yd@gmail.com','45678','4','5','34567890','Поставы','4567890','Витебская','Центральная'),(18,'34567','4','Поставский','mobilefarm345yd@gmail.com','45678','4','5','34567890','Поставы','4567890','Витебская','Центральная'),(19,'34567','2','Советский','mobilefarm345yd@gmail.com','45678','4','5','34567890','Поставы','4567890','Витебская','Центральная'),(20,'34567','2','Советский','mobilefarm345yd@gmail.com','45678','4','5','34567890','Поставы','4567890','Витебская','Центральная'),(21,'34567','8','Поставский','mobilefarm34yd@gmail.com','45678','4','5','34567890','Поставы','4567890','Витебская','Центральная'),(22,'34567','4','Поставский','mobilefarm34yd@gmail.com','45678','4','5','34567890','Поставы','4567890','Витебская','Центральная'),(23,'34567','4','Поставский','mobilefarm345yd@gmail.com','45678','4','5','34567890','Поставы','4567890','Витебская','Центральная'),(24,'34567','3','Поставский','mobilefarm34yd@gmail.com','45678','4','5','34567890','Поставы','4567890','Витебская','Центральная');
/*!40000 ALTER TABLE `locations` ENABLE KEYS */;
UNLOCK TABLES;

--
-- Table structure for table `nutrients`
--

DROP TABLE IF EXISTS `nutrients`;
/*!40101 SET @saved_cs_client     = @@character_set_client */;
/*!50503 SET character_set_client = utf8mb4 */;
CREATE TABLE `nutrients` (
  `nutrients_id` bigint NOT NULL AUTO_INCREMENT,
  `calcium` decimal(38,2) DEFAULT NULL,
  `carotene` decimal(38,2) DEFAULT NULL,
  `cobalt` decimal(38,2) DEFAULT NULL,
  `copper` decimal(38,2) DEFAULT NULL,
  `digested_protein` decimal(38,2) DEFAULT NULL,
  `dry_matter` decimal(38,2) DEFAULT NULL,
  `dry_protein` decimal(38,2) DEFAULT NULL,
  `energy_exchange` decimal(38,2) DEFAULT NULL,
  `feed_unit` decimal(38,2) DEFAULT NULL,
  `ferrum` decimal(38,2) DEFAULT NULL,
  `iodine` decimal(38,2) DEFAULT NULL,
  `lysine` decimal(38,2) DEFAULT NULL,
  `magnesium` decimal(38,2) DEFAULT NULL,
  `manganese` decimal(38,2) DEFAULT NULL,
  `methionine_and_cystitis` decimal(38,2) DEFAULT NULL,
  `phosphorus` decimal(38,2) DEFAULT NULL,
  `potassium` decimal(38,2) DEFAULT NULL,
  `raw_fat` decimal(38,2) DEFAULT NULL,
  `raw_fiber` decimal(38,2) DEFAULT NULL,
  `salt` decimal(38,2) DEFAULT NULL,
  `starch` decimal(38,2) DEFAULT NULL,
  `sugar` decimal(38,2) DEFAULT NULL,
  `sulfur` decimal(38,2) DEFAULT NULL,
  `vitamin_d` decimal(38,2) DEFAULT NULL,
  `vitamin_e` decimal(38,2) DEFAULT NULL,
  `zins` decimal(38,2) DEFAULT NULL,
  PRIMARY KEY (`nutrients_id`)
) ENGINE=InnoDB AUTO_INCREMENT=912 DEFAULT CHARSET=utf8mb4 COLLATE=utf8mb4_0900_ai_ci;
/*!40101 SET character_set_client = @saved_cs_client */;

--
-- Dumping data for table `nutrients`
--

LOCK TABLES `nutrients` WRITE;
/*!40000 ALTER TABLE `nutrients` DISABLE KEYS */;
INSERT INTO `nutrients` VALUES (1,0.20,0.00,0.05,15.00,21.00,100.00,28.00,1.10,0.11,6.00,0.20,0.80,0.00,9.00,0.80,0.60,0.70,6.00,11.00,NULL,0.00,0.00,0.00,0.00,0.00,2.70),(2,1.80,0.00,0.40,110.00,145.00,900.00,201.00,10.69,1.11,68.00,1.10,8.30,0.00,62.00,7.60,6.90,8.00,76.00,105.00,NULL,0.00,0.00,0.00,3.00,0.00,20.50),(3,0.20,1.00,0.00,0.00,17.00,100.00,22.00,0.75,0.07,0.00,0.00,0.80,0.00,0.00,0.80,0.30,0.00,5.00,9.00,NULL,0.00,0.00,0.00,0.00,0.00,0.00),(4,0.40,0.00,0.00,0.00,44.00,220.00,74.00,1.88,0.16,0.00,0.00,1.20,0.00,0.00,1.20,0.60,0.80,26.00,45.00,NULL,0.00,0.00,0.00,0.00,0.00,0.00),(5,1.30,0.00,0.00,0.00,116.00,900.00,165.00,9.51,0.97,0.00,0.00,8.30,0.00,0.00,7.60,4.30,0.40,82.00,92.00,NULL,0.00,0.00,0.00,0.00,0.00,0.00),(6,0.20,0.00,0.00,0.00,32.00,100.00,48.00,1.29,0.12,0.00,0.00,0.60,0.00,0.00,0.60,0.40,0.70,9.00,7.00,NULL,0.00,0.00,0.00,0.00,0.00,0.00),(7,2.00,0.00,0.00,0.00,277.00,900.00,433.00,11.57,1.12,0.00,0.00,6.60,0.00,0.00,6.50,4.00,7.00,82.00,62.00,NULL,0.00,0.00,0.00,0.00,0.00,0.00),(8,0.20,1.00,0.00,0.00,18.00,100.00,23.00,1.19,0.12,0.00,0.00,0.80,0.00,0.00,0.50,0.30,0.00,9.00,9.00,NULL,0.00,0.00,0.00,3.00,0.00,0.00),(9,0.20,0.20,0.01,20.00,8.00,50.00,13.00,0.42,0.04,8.00,0.00,0.30,0.00,1.00,0.10,0.50,3.40,6.00,6.00,NULL,0.00,0.00,0.00,0.00,0.00,1.00),(10,2.00,0.20,0.09,310.00,146.00,900.00,243.00,7.13,0.64,150.00,0.04,3.50,0.00,16.00,1.30,6.00,51.00,37.00,96.00,NULL,0.00,0.00,0.00,0.00,0.00,17.00),(11,1.70,0.40,0.00,0.00,169.00,900.00,216.00,11.42,1.23,0.00,0.00,7.10,0.00,0.00,4.80,2.90,0.10,107.00,104.00,NULL,0.00,0.00,0.00,0.00,0.00,0.00),(12,0.20,6.81,0.00,0.00,19.00,81.00,29.00,0.89,0.06,0.00,0.00,0.70,0.00,0.00,0.70,0.60,0.00,6.00,4.00,NULL,0.00,0.00,0.00,0.00,0.00,0.00),(13,2.10,3.01,0.00,0.00,11.00,75.00,21.00,0.50,0.03,0.00,0.00,0.00,0.00,0.00,0.00,2.10,4.70,6.00,0.00,NULL,0.00,0.00,3.30,0.00,0.00,0.00),(14,8.60,1.30,1.93,24.30,335.00,879.00,479.00,9.63,0.98,146.00,2.44,0.00,2.60,28.00,0.00,10.00,9.20,23.00,79.00,NULL,217.00,54.00,1.90,32.00,7200.00,41.00),(15,8.20,2.02,1.93,24.90,303.00,870.00,433.00,8.89,0.87,153.00,3.11,0.00,3.40,72.00,0.00,9.80,9.30,40.00,85.00,NULL,99.00,49.00,2.50,22.00,7200.00,52.00),(16,17.00,1.00,0.20,6.10,269.00,868.00,300.00,7.80,0.78,87.00,12.34,0.00,1.60,27.00,0.00,20.00,5.20,22.00,60.00,NULL,253.00,26.00,11.10,30.00,0.00,36.00),(17,10.60,10.20,2.31,46.50,341.00,875.00,386.00,10.72,1.03,396.00,1.09,0.00,3.20,242.00,0.00,10.10,11.70,43.00,93.00,NULL,77.00,38.00,4.40,11.00,7460.00,90.00),(18,10.20,0.12,9.41,41.40,348.00,887.00,421.00,12.28,1.12,155.00,3.70,0.00,2.90,51.00,0.00,8.20,15.60,51.00,45.00,NULL,35.00,41.00,4.20,34.00,2280.00,75.00),(19,26.10,2.08,3.56,26.20,343.00,865.00,373.00,11.42,1.04,125.00,0.71,0.00,2.70,27.00,0.00,17.30,15.30,38.00,39.00,NULL,12.00,44.00,4.00,19.00,8200.00,70.00),(20,43.60,1.20,2.83,64.50,461.00,880.00,660.00,8.71,0.69,242.00,0.51,0.00,3.80,33.00,0.00,26.30,9.40,45.00,86.00,NULL,17.00,103.00,2.30,362.00,1300.00,280.00),(21,52.80,0.20,8.20,153.40,490.00,880.00,700.00,7.71,0.60,302.00,0.32,0.00,3.40,19.00,0.00,29.10,8.40,37.00,69.00,NULL,11.00,85.00,2.00,367.00,1600.00,291.00),(22,86.80,1.00,10.02,268.40,568.00,880.00,810.00,6.35,0.39,1322.00,0.21,0.00,3.00,10.00,0.00,42.60,6.70,46.00,38.00,NULL,5.00,69.00,1.40,366.00,3000.00,337.00),(23,67.50,0.50,21.35,170.40,1198.00,880.00,1360.00,0.75,0.08,23.00,0.05,0.00,0.00,113.00,0.00,20.70,2.60,0.00,0.00,NULL,0.00,44.00,0.10,0.20,7000.00,305.00),(24,52.60,1.00,15.45,137.40,981.00,880.00,1115.00,0.75,0.08,23.00,0.05,0.00,0.00,91.00,0.00,18.40,2.60,0.00,0.00,NULL,0.00,44.00,0.10,0.20,7500.00,243.00),(25,20.30,1.13,1.80,44.90,454.00,880.00,650.00,7.11,0.75,52.00,0.18,0.00,0.60,10.00,0.00,29.30,5.50,13.00,30.00,NULL,296.00,55.00,2.40,391.00,9900.00,23.00),(26,11.40,14.60,16.00,67.70,351.00,880.00,500.00,11.01,1.04,217.00,0.49,0.00,4.10,76.00,0.00,9.00,11.40,28.00,81.00,NULL,57.00,37.00,4.10,6.00,13100.00,80.00),(27,16.30,15.07,5.00,15.20,240.00,889.00,302.00,0.00,0.88,223.00,1.00,0.00,4.20,71.00,0.00,14.50,0.00,0.00,0.00,NULL,0.00,0.00,5.80,319.00,2800.00,58.00),(28,2.70,10.60,1.03,6.80,210.00,796.00,329.00,0.00,1.10,100.00,0.16,0.00,1.30,70.00,0.00,8.70,0.00,0.00,0.00,NULL,0.00,0.00,3.20,28.00,0.00,33.00),(29,11.30,3.85,4.60,14.00,244.00,872.00,305.00,0.00,0.92,182.00,0.76,0.00,3.90,63.00,0.00,14.00,0.00,0.00,0.00,NULL,0.00,0.00,4.50,212.00,2000.00,55.00),(30,26.40,8.62,6.66,36.90,279.00,896.00,313.00,0.00,0.97,190.00,3.34,17.80,0.00,43.00,11.50,12.00,0.00,0.00,76.00,NULL,0.00,0.00,0.00,17.00,4100.00,77.00),(31,29.90,63.01,0.14,12.70,296.00,885.00,328.00,0.00,0.88,163.00,1.14,16.60,0.00,58.00,11.30,18.50,0.00,0.00,64.00,NULL,0.00,0.00,0.00,13.00,5000.00,64.00),(32,30.60,3.71,0.38,11.50,302.00,885.00,328.00,0.00,0.89,127.00,1.13,18.40,0.00,56.00,10.80,16.60,0.00,0.00,47.00,NULL,0.00,0.00,0.00,11.00,5000.00,73.00),(33,28.10,8.51,0.32,10.90,278.00,885.00,314.00,0.00,0.88,137.00,1.11,15.60,0.00,58.00,10.20,15.30,0.00,0.00,71.00,NULL,0.00,0.00,0.00,19.00,4530.00,64.00),(34,34.40,9.01,0.45,9.10,257.00,882.00,301.00,0.00,0.80,103.00,1.27,17.90,0.00,61.00,8.90,16.20,0.00,0.00,58.00,NULL,0.00,0.00,0.00,19.00,4750.00,74.00),(35,36.60,3.06,3.84,28.10,331.00,884.00,384.00,0.00,0.94,187.00,3.99,22.00,0.00,34.00,13.00,17.50,0.00,0.00,56.00,NULL,0.00,0.00,0.00,12.00,4200.00,71.00),(36,33.00,1.23,8.80,16.90,276.00,888.00,330.00,0.00,0.86,172.00,1.78,15.80,0.00,53.00,11.10,20.00,0.00,0.00,67.00,NULL,0.00,0.00,0.00,9.00,1700.00,79.00),(37,31.10,1.03,8.85,18.80,274.00,890.00,323.00,0.00,0.86,198.00,1.63,13.90,0.00,51.00,10.90,25.00,0.00,0.00,73.00,NULL,0.00,0.00,0.00,8.00,1700.00,79.00),(38,34.50,29.62,4.42,31.40,285.00,885.00,300.00,0.00,0.94,163.00,3.71,19.80,0.00,36.00,9.70,9.80,0.00,0.00,57.00,NULL,0.00,0.00,0.00,17.00,4100.00,65.00),(39,22.40,21.50,5.11,52.00,258.00,885.00,330.00,0.00,0.93,344.00,1.76,14.70,0.00,41.00,8.10,12.50,0.00,0.00,62.00,NULL,0.00,0.00,0.00,15.00,1950.00,152.00),(40,27.70,22.80,0.52,13.70,296.00,888.00,343.00,0.00,1.07,186.00,0.68,22.40,0.00,30.00,10.10,22.50,0.00,0.00,47.00,NULL,0.00,0.00,0.00,16.00,4250.00,59.00),(41,28.40,10.77,4.54,19.90,270.00,833.00,330.00,0.00,0.99,171.00,3.47,29.70,0.00,37.00,9.40,6.80,0.00,0.00,70.00,NULL,0.00,0.00,0.00,14.00,4200.00,61.00),(42,19.80,7.65,5.38,30.70,266.00,884.00,318.00,0.00,0.98,128.00,1.08,16.80,0.00,51.00,9.10,12.50,0.00,0.00,85.00,NULL,0.00,0.00,0.00,29.00,4100.00,61.00),(43,20.10,148.75,5.27,32.40,241.00,882.00,301.00,0.00,0.96,128.00,0.32,15.60,0.00,48.00,8.60,12.10,0.00,0.00,88.00,NULL,0.00,0.00,0.00,32.00,4160.00,60.00),(44,42.70,148.90,5.75,28.10,244.00,881.00,299.00,0.00,0.81,170.00,5.99,14.50,0.00,54.00,9.40,12.00,0.00,0.00,67.00,NULL,0.00,0.00,0.00,6.00,4200.00,80.00),(45,37.70,84.02,6.44,24.20,282.00,885.00,360.00,0.00,0.85,142.00,5.53,16.90,0.00,67.00,9.70,12.50,0.00,0.00,68.00,NULL,0.00,0.00,0.00,11.00,4100.00,77.00),(46,32.20,9.67,7.29,27.00,287.00,883.00,364.00,0.00,0.89,147.00,6.01,16.30,0.00,66.00,10.00,8.90,0.00,0.00,76.00,NULL,0.00,0.00,0.00,10.00,4200.00,73.00),(47,37.00,20.17,8.88,19.90,307.00,880.00,381.00,0.00,1.01,120.00,5.90,19.00,0.00,48.00,11.00,10.30,0.00,0.00,51.00,NULL,0.00,0.00,0.00,18.00,4150.00,67.00),(48,36.80,13.47,8.82,16.60,269.00,877.00,304.00,0.00,0.91,102.00,5.93,16.30,0.00,45.00,7.80,13.00,0.00,0.00,51.00,NULL,0.00,0.00,0.00,21.00,4100.00,67.00),(49,19.10,8.64,2.07,14.40,266.00,876.00,301.00,0.00,1.03,165.00,0.37,13.70,0.00,30.00,10.00,11.60,0.00,0.00,81.00,NULL,0.00,0.00,0.00,23.00,2530.00,65.00),(50,31.10,0.06,1.90,18.10,265.00,888.00,311.00,0.00,0.87,172.00,1.08,15.30,0.00,53.00,11.20,11.80,0.00,0.00,72.00,NULL,0.00,0.00,0.00,10.00,2740.00,79.00),(51,26.20,0.00,2.82,17.10,255.00,880.00,308.00,0.00,0.87,123.00,1.00,16.70,0.00,49.00,9.10,18.50,0.00,0.00,85.00,NULL,0.00,0.00,0.00,28.00,120.00,67.00),(52,3.30,0.02,2.98,19.70,252.00,882.00,306.00,0.00,0.95,149.00,0.58,14.60,0.00,47.00,9.10,8.70,0.00,0.00,88.00,NULL,0.00,0.00,0.00,27.00,210.00,56.00),(53,21.00,0.00,10.29,24.40,277.00,899.00,317.00,0.00,0.81,171.00,5.41,14.40,0.00,55.00,10.90,13.00,0.00,0.00,98.00,NULL,0.00,0.00,0.00,25.00,1600.00,64.00),(54,24.00,0.02,2.68,17.50,276.00,890.00,307.00,0.00,0.80,157.00,2.75,12.80,0.00,50.00,8.90,14.00,0.00,0.00,107.00,NULL,0.00,0.00,0.00,27.00,3500.00,53.00),(55,25.20,0.05,2.16,20.70,261.00,893.00,329.00,0.00,0.89,286.00,0.84,17.40,0.00,87.00,9.80,9.60,0.00,0.00,102.00,NULL,0.00,0.00,0.00,13.00,1600.00,76.00),(56,25.30,0.05,1.91,20.90,275.00,889.00,328.00,0.00,0.86,293.00,0.87,16.70,0.00,87.00,9.30,8.70,0.00,0.00,107.00,NULL,0.00,0.00,0.00,15.00,1400.00,76.00),(57,2.60,0.00,0.06,0.90,20.00,153.00,29.00,1.32,0.12,150.00,0.30,1.30,0.30,20.10,1.10,0.50,2.80,5.00,25.00,NULL,0.00,15.00,1.10,42.00,5.00,5.30),(58,3.20,6.00,0.01,0.50,15.00,108.00,22.00,1.01,0.10,16.00,0.05,1.30,0.30,14.00,1.00,0.60,2.80,4.00,18.00,NULL,0.00,20.00,10.70,40.00,3.00,3.00),(59,4.00,0.00,0.01,0.40,12.00,105.00,16.00,1.07,0.10,25.00,0.04,0.80,0.40,11.00,0.70,0.40,2.80,4.00,18.00,NULL,0.00,19.00,10.70,33.00,2.00,0.00),(60,6.90,0.00,0.05,1.00,16.00,192.00,28.00,1.36,0.12,39.00,0.41,1.30,3.00,29.50,0.70,0.90,2.90,7.00,41.00,NULL,0.00,14.00,0.80,60.00,3.00,3.20),(61,2.40,89.00,0.01,0.90,13.00,104.00,27.00,0.67,0.07,52.00,0.04,1.00,1.90,31.00,0.40,0.60,3.20,2.00,24.00,NULL,0.00,7.00,0.70,27.00,5.00,6.00),(62,3.90,370.00,0.06,0.60,17.00,142.00,24.00,1.39,0.13,25.00,0.02,1.20,0.40,18.00,0.70,0.40,2.90,6.00,19.00,NULL,0.00,44.00,0.50,38.00,5.00,2.40),(63,4.80,0.00,0.05,0.80,21.00,209.00,33.00,1.75,0.17,540.00,0.11,1.50,0.70,32.00,1.10,0.60,2.40,6.00,30.00,NULL,2.00,15.00,0.50,49.00,5.00,9.30),(64,3.60,0.00,0.01,0.90,14.00,153.00,21.00,1.27,0.13,54.00,0.04,1.40,0.70,17.00,0.90,0.70,3.60,5.00,27.00,NULL,0.00,17.00,4.60,0.00,0.00,4.00),(65,2.50,7.00,0.04,1.80,18.00,133.00,27.00,1.13,0.10,180.00,0.13,0.90,0.70,20.00,1.00,0.80,5.10,4.00,18.00,NULL,3.00,9.00,0.30,45.00,5.00,7.00),(66,1.60,9.00,0.01,0.50,12.00,100.00,18.00,0.90,0.09,33.00,0.06,0.90,1.20,51.00,0.90,0.50,5.20,2.00,12.00,NULL,0.00,14.00,0.60,20.00,5.00,7.00),(67,2.90,8.00,0.04,1.80,22.00,153.00,31.00,1.36,0.12,105.00,0.18,1.00,0.70,15.00,1.00,2.10,3.50,5.00,33.00,NULL,4.00,13.00,0.30,42.00,5.00,7.60),(68,1.50,0.30,0.01,0.50,13.00,100.00,22.00,0.90,0.09,20.00,0.06,1.00,0.90,58.00,0.90,0.40,3.50,3.00,12.00,NULL,4.00,15.00,0.60,42.00,5.00,6.00),(69,2.90,0.00,0.08,1.90,19.00,175.00,26.00,1.67,0.16,50.00,0.60,0.90,0.80,23.50,0.70,2.00,3.50,7.00,27.00,NULL,5.00,15.00,0.50,45.00,5.00,4.60),(70,1.50,0.00,0.01,0.50,14.00,105.00,20.00,1.00,0.09,43.00,0.07,0.80,0.80,62.00,0.60,0.40,10.60,3.00,13.00,NULL,0.00,25.00,0.50,42.00,5.00,6.00),(71,1.60,0.00,0.01,0.50,14.00,99.00,21.00,0.84,0.08,11.00,0.07,1.00,0.00,62.00,0.60,0.40,0.00,3.00,18.00,NULL,0.00,10.00,0.00,0.00,0.00,6.00),(72,3.20,0.00,0.05,0.40,18.00,149.00,26.00,1.26,0.11,160.00,0.20,1.30,0.30,10.50,1.10,0.40,3.60,5.00,25.00,NULL,0.00,19.00,1.00,50.00,5.00,1.80),(73,3.50,0.00,0.01,1.60,12.00,113.00,20.00,0.96,0.10,0.00,0.09,1.40,0.30,63.00,1.00,0.30,3.60,3.00,17.00,NULL,0.00,3.00,10.30,31.00,4.00,9.00),(74,4.60,0.00,0.00,7.90,12.00,900.00,51.00,5.88,0.25,126.00,0.11,0.30,1.00,224.70,0.10,1.40,3.30,49.00,306.00,NULL,4.50,16.00,0.80,70.00,30.00,26.20),(75,2.20,0.00,0.04,3.70,8.00,420.00,24.00,2.74,0.13,59.00,0.05,0.10,0.50,104.90,0.00,0.70,1.50,23.00,143.00,NULL,2.10,7.00,0.40,33.00,14.00,12.20),(76,0.50,6.00,0.05,2.20,42.00,232.00,58.00,2.35,0.21,50.00,0.02,2.20,0.40,8.00,1.00,1.10,0.30,17.00,39.00,NULL,0.00,0.00,0.65,14.00,0.00,22.00),(77,0.50,0.00,0.05,2.20,42.00,232.00,58.00,2.35,0.21,50.00,0.02,2.20,0.40,8.00,1.00,1.10,0.30,17.00,39.00,NULL,0.00,0.00,0.70,14.00,0.00,22.00),(78,3.00,10.00,0.20,21.30,169.00,887.00,217.00,8.67,0.76,290.00,0.10,8.20,1.90,37.00,8.70,6.60,1.70,59.00,160.00,NULL,0.00,0.00,3.00,23.00,0.00,108.00),(79,4.30,0.00,1.80,43.90,490.00,900.00,560.00,12.06,1.12,7.00,0.60,34.50,0.00,44.00,12.30,8.00,21.50,76.00,3.00,NULL,0.00,0.00,2.30,5.00,0.00,45.00),(80,3.90,0.00,1.30,11.90,396.00,900.00,455.00,12.22,1.19,43.00,0.30,30.90,1.30,28.00,12.30,14.90,18.80,15.00,2.00,NULL,0.00,1.00,7.00,0.00,1000.00,84.00),(81,3.85,0.00,1.32,11.90,419.00,900.00,455.00,12.22,1.19,43.00,0.33,30.90,1.30,28.00,12.30,14.90,18.80,15.00,2.00,NULL,0.00,1.40,7.00,0.00,1000.00,84.00),(82,3.30,0.00,0.30,2.50,87.00,200.00,96.00,0.00,0.25,9.00,0.00,6.50,0.30,6.00,2.60,2.80,3.90,5.00,15.00,NULL,0.00,0.00,1.50,0.00,0.00,18.00),(83,0.00,0.00,0.00,0.00,0.00,950.00,0.00,0.00,2.90,0.00,0.00,0.00,0.00,0.00,0.00,0.00,0.00,950.00,0.00,NULL,0.00,0.00,0.00,0.00,0.00,0.00),(84,3.40,0.00,0.29,26.40,287.00,900.00,338.00,11.70,1.27,197.00,0.93,0.00,4.30,38.00,0.00,10.00,12.40,102.00,95.00,NULL,0.00,35.00,3.90,5.80,0.00,69.00),(85,5.90,0.00,0.19,17.20,324.00,900.00,405.00,10.44,1.08,215.00,0.37,13.40,4.80,37.90,15.80,12.90,9.50,77.00,129.00,NULL,25.00,62.60,5.50,11.00,5.00,40.00),(86,5.90,1.00,0.28,17.20,324.00,900.00,405.00,10.44,1.08,215.00,0.36,0.00,4.80,37.90,0.00,12.90,9.50,77.00,129.00,NULL,25.00,62.60,5.50,11.00,0.00,40.00),(87,4.80,26.50,0.21,7.20,262.00,900.00,330.00,11.34,1.17,544.00,0.40,0.00,4.40,44.20,0.00,7.90,11.00,87.00,113.00,NULL,4.00,75.00,4.50,12.00,0.00,48.00),(88,1.40,0.00,0.00,0.00,4.00,80.00,8.00,0.59,0.06,0.00,0.00,0.00,0.40,0.00,0.00,0.20,0.40,1.00,24.00,NULL,0.00,0.00,0.30,0.00,0.00,0.00),(89,1.10,0.00,0.02,0.40,2.00,70.00,4.00,0.74,0.08,24.00,0.00,1.20,0.40,3.00,0.00,0.10,0.40,1.00,15.00,NULL,0.00,2.50,0.30,0.00,0.00,2.00),(90,5.30,0.00,0.37,14.80,32.00,900.00,64.00,10.09,0.99,542.00,1.72,6.10,2.80,63.00,0.10,1.30,4.80,9.00,153.00,NULL,0.00,0.00,2.60,0.00,0.00,20.00),(91,1.26,0.00,0.11,0.50,15.00,298.00,22.00,2.96,0.27,65.00,0.07,0.90,0.48,7.30,0.50,0.90,5.30,8.00,66.00,NULL,5.50,30.00,0.38,40.00,2.50,0.90),(92,1.08,50.00,0.07,0.40,13.00,212.00,20.00,2.05,0.18,25.00,0.04,0.80,0.41,14.90,0.50,0.66,3.81,5.00,54.00,NULL,3.30,28.00,0.63,45.00,2.00,2.10),(93,1.24,5.00,0.05,0.50,14.00,249.00,21.00,2.34,0.21,86.00,0.03,0.90,0.48,11.30,0.50,0.78,3.53,6.00,55.00,NULL,3.80,40.00,0.63,45.00,2.20,3.50),(94,1.70,5.00,0.00,0.80,15.00,70.00,21.00,0.75,0.07,21.00,0.00,0.00,0.00,4.00,0.00,0.00,0.00,5.00,12.00,NULL,0.00,0.00,0.00,0.00,0.00,6.00),(95,1.60,7.00,0.70,1.80,13.00,164.00,16.00,1.31,0.13,51.00,0.00,0.00,0.00,92.00,0.00,0.70,0.00,6.00,51.00,NULL,0.00,12.00,0.00,0.00,0.00,4.00),(96,2.50,7.00,0.01,0.70,15.00,126.00,18.00,1.41,0.10,23.00,0.03,1.30,0.30,8.00,0.60,0.60,3.90,4.00,20.00,NULL,0.00,56.00,0.90,40.00,3.00,3.00),(97,3.60,6.00,0.04,1.50,44.00,173.00,61.00,1.68,0.16,252.00,0.00,1.90,0.00,20.00,1.30,1.20,0.00,8.00,29.00,NULL,0.00,0.00,0.00,0.00,0.00,0.00),(98,3.50,6.00,0.01,0.80,20.00,117.00,27.00,1.30,0.11,41.00,0.06,0.00,0.00,66.00,0.00,0.70,0.00,2.00,20.00,NULL,0.00,0.00,0.00,0.00,0.00,7.00),(99,3.30,10.00,0.02,1.80,24.00,149.00,27.00,1.48,0.13,67.00,0.03,0.00,0.00,116.00,0.00,0.20,0.00,4.00,42.00,NULL,0.00,0.00,0.00,0.00,0.00,12.00),(100,2.60,10.00,0.01,0.90,18.00,166.00,29.00,1.20,0.11,62.00,0.03,0.00,0.00,18.00,0.00,0.60,0.00,3.00,27.00,NULL,0.00,0.00,0.00,0.00,0.00,6.00),(101,2.10,4.00,0.00,1.30,8.00,184.00,16.00,1.73,0.13,16.00,0.02,0.00,0.80,75.00,0.00,0.60,4.40,6.00,60.00,NULL,0.00,33.00,0.50,0.00,0.00,7.00),(102,2.20,4.00,0.12,1.80,22.00,139.00,27.00,1.13,0.09,87.00,0.06,1.30,0.40,19.00,1.10,0.40,4.00,6.00,23.00,NULL,2.00,16.00,0.60,28.00,5.00,4.00),(103,1.50,8.00,0.01,0.60,16.00,165.00,23.00,1.14,0.09,28.00,0.04,1.40,0.00,6.00,1.20,0.40,4.40,6.00,41.00,NULL,2.00,17.00,0.70,35.00,10.00,4.00),(104,1.10,8.00,0.01,0.70,26.00,140.00,31.00,1.67,0.13,46.00,0.02,0.70,0.50,8.00,1.00,0.70,5.30,7.00,30.00,NULL,1.50,14.00,1.20,33.00,2.70,9.00),(105,2.30,2.00,0.00,1.80,10.00,168.00,14.00,1.60,0.15,42.00,0.00,0.00,0.00,13.00,0.00,0.40,0.00,4.00,38.00,NULL,0.00,0.00,0.00,0.00,0.00,7.00),(106,1.60,2.00,0.02,0.20,17.00,144.00,23.00,1.52,0.14,42.00,0.01,1.20,0.30,5.20,0.80,0.40,3.90,4.00,23.00,NULL,0.00,62.00,0.90,40.00,3.00,2.70),(107,10.20,5.00,0.05,4.00,48.00,240.00,96.00,2.03,0.17,21.00,0.05,5.70,0.80,5.00,5.20,1.30,4.00,7.00,50.00,NULL,0.00,12.00,0.50,35.00,5.00,3.00),(108,1.40,5.00,0.12,1.80,22.00,121.00,27.00,1.33,0.12,88.00,0.03,1.30,0.40,18.00,1.10,0.40,3.20,6.00,19.00,NULL,0.00,16.00,0.60,28.00,5.00,4.50),(109,2.60,5.00,0.03,1.70,23.00,193.00,35.00,2.33,0.20,23.00,0.03,1.30,1.10,14.40,1.30,0.50,2.60,4.00,9.00,NULL,0.00,50.00,0.20,30.00,4.00,5.20),(110,2.00,2.00,0.07,0.00,224.00,850.00,258.00,11.10,1.13,0.00,0.23,22.50,1.50,21.00,6.90,6.00,10.70,10.00,96.00,NULL,380.00,48.00,1.50,25.00,0.00,50.00),(111,2.00,2.00,0.03,5.20,225.00,850.00,256.00,11.51,1.18,20.00,0.25,20.50,1.40,32.00,6.00,4.00,9.90,13.00,54.00,NULL,400.00,58.00,1.90,44.00,0.00,42.00),(112,3.00,2.00,0.06,6.00,191.00,850.00,220.00,11.33,1.17,19.00,0.15,19.90,1.30,17.00,5.30,5.00,10.70,12.00,52.00,NULL,455.00,57.00,1.90,48.00,0.00,46.00),(113,3.00,2.00,0.05,4.70,327.00,850.00,380.00,10.94,1.03,19.00,0.18,25.60,2.00,50.00,12.50,6.00,10.70,49.00,129.00,NULL,200.00,51.00,5.00,15.00,0.00,40.00),(114,2.00,0.00,0.03,2.10,198.00,850.00,228.00,11.31,1.12,18.00,0.14,16.50,1.40,15.00,4.40,4.00,8.80,11.00,54.00,NULL,450.00,41.00,2.00,31.00,0.00,42.00),(115,1.00,0.00,0.10,3.10,75.00,850.00,97.00,11.79,1.28,40.00,0.33,2.60,1.30,24.00,3.30,4.00,5.20,30.00,31.00,NULL,560.00,31.00,2.60,25.00,0.00,31.00),(116,2.00,23.00,0.08,3.70,82.00,850.00,105.00,9.58,0.98,41.00,0.29,6.40,1.50,57.00,4.40,4.00,5.40,45.00,84.00,NULL,320.00,27.00,1.00,25.00,0.00,32.00),(117,1.00,15.00,0.08,3.50,70.00,850.00,112.00,8.98,0.92,8.00,0.28,3.50,1.20,51.00,3.10,3.00,4.40,37.00,88.00,NULL,396.00,22.00,0.70,42.00,0.00,40.00),(118,3.00,15.00,0.03,2.30,84.00,850.00,103.00,11.21,1.16,9.00,0.20,4.90,2.60,41.00,4.20,6.00,4.60,18.00,27.00,NULL,515.00,20.00,1.20,20.00,0.00,30.00),(119,2.00,39.00,0.06,2.90,78.00,850.00,94.00,11.37,1.18,18.00,0.28,5.10,7.80,41.00,3.30,4.00,4.80,16.00,24.00,NULL,518.00,15.00,1.20,20.00,0.00,39.00),(120,1.26,30.00,0.06,3.80,105.40,850.00,151.00,11.40,1.17,0.00,0.16,0.00,2.09,37.78,0.00,3.65,4.18,22.56,22.60,NULL,516.00,17.50,1.09,0.00,17.70,28.62),(121,2.00,35.00,0.05,3.20,69.00,850.00,96.00,11.38,1.16,21.00,0.30,4.10,1.20,23.00,4.10,5.00,5.00,17.00,41.00,NULL,485.00,54.00,1.40,38.00,0.00,27.00),(122,2.00,2.60,0.04,4.40,68.00,850.00,102.00,9.26,0.94,28.00,0.15,8.40,3.20,44.00,3.00,4.00,10.90,21.00,110.00,NULL,0.00,0.00,0.00,0.00,0.00,38.00),(123,2.60,2.60,0.00,0.50,162.00,926.00,198.00,17.60,1.70,72.00,0.00,14.70,0.00,43.00,7.20,7.10,0.00,435.00,60.00,NULL,9.20,57.00,0.00,0.00,0.00,67.00),(124,4.00,30.00,0.08,10.20,176.00,895.00,220.00,16.40,1.66,22.00,0.24,12.60,4.40,50.00,7.50,8.00,9.90,354.00,67.00,NULL,0.00,0.00,1.30,0.00,0.00,64.00),(125,1.50,70.00,0.11,3.90,227.00,850.00,261.00,10.80,1.10,61.00,0.18,16.20,1.50,11.00,4.80,4.10,10.70,15.00,75.00,NULL,380.00,35.00,1.50,25.00,0.00,42.00),(126,2.00,35.00,0.18,7.70,192.00,850.00,218.00,11.10,1.18,60.00,0.06,14.20,1.20,20.20,5.50,4.30,10.70,19.00,54.00,NULL,455.00,55.00,0.70,53.00,0.00,26.70),(127,2.00,90.00,0.18,7.70,192.00,850.00,218.00,11.10,1.18,60.00,0.06,14.20,1.20,20.20,5.50,4.30,10.70,19.00,54.00,NULL,455.00,55.00,1.60,53.00,0.00,26.70),(128,0.40,43.00,0.06,6.00,67.00,850.00,92.00,12.80,1.33,42.00,0.13,2.80,1.50,8.80,1.80,2.70,3.70,43.00,43.00,NULL,560.00,20.00,1.40,15.00,0.00,19.50),(129,0.50,20.01,0.06,2.90,73.00,850.00,103.00,12.20,1.33,303.00,0.12,2.10,1.40,3.90,3.30,5.20,5.20,42.00,38.00,NULL,555.00,40.00,1.00,22.60,0.00,29.60),(130,0.40,32.01,0.29,6.60,48.00,850.00,82.00,10.70,1.11,7.00,0.06,1.90,1.30,11.10,3.30,2.30,4.20,43.00,34.00,NULL,545.00,30.00,1.90,20.00,0.00,25.60),(131,1.50,0.00,0.07,4.90,79.00,850.00,108.00,9.20,1.00,41.00,0.10,3.60,1.20,56.50,3.20,3.40,5.40,40.00,97.00,NULL,320.00,25.00,1.30,12.90,0.00,22.50),(132,0.90,0.00,0.03,16.60,76.00,850.00,108.00,9.12,0.98,40.00,0.02,2.40,1.20,17.90,4.60,5.10,4.40,32.00,92.00,NULL,396.00,18.00,1.00,8.00,0.00,35.00),(133,0.80,0.00,0.07,6.60,106.00,850.00,133.00,10.80,1.28,40.00,0.06,3.00,1.00,46.40,3.70,3.60,3.40,20.00,17.00,NULL,515.00,20.00,1.20,11.90,0.00,23.00),(134,0.70,0.00,0.03,2.30,142.00,850.00,149.00,10.70,1.27,50.00,0.11,3.90,1.10,41.10,4.10,4.30,4.60,15.00,28.00,NULL,490.00,15.00,1.60,13.30,0.00,40.00),(135,1.00,0.00,0.08,6.90,63.00,850.00,75.00,11.70,1.33,40.00,0.09,2.50,1.20,35.40,2.50,2.90,2.90,8.00,6.00,NULL,560.00,25.00,0.50,13.00,0.00,20.00),(136,0.90,0.00,0.07,6.70,91.00,850.00,120.00,10.30,1.15,63.00,0.09,4.30,1.10,30.40,3.50,2.80,4.80,19.00,21.00,NULL,518.00,15.00,0.90,15.40,0.00,20.00),(137,1.20,0.00,0.26,9.80,85.00,850.00,110.00,10.80,1.19,50.00,0.02,2.80,1.80,15.50,2.90,3.00,3.50,28.00,34.00,NULL,440.00,45.00,0.90,10.90,0.00,13.60),(138,4.80,0.00,0.09,14.20,281.00,850.00,319.00,14.70,1.45,125.00,0.20,21.10,2.90,27.30,9.60,7.10,21.70,146.00,70.00,NULL,12.00,40.00,2.60,36.00,0.00,33.00),(139,1.26,0.00,0.06,3.80,105.40,850.00,151.00,11.36,1.17,0.00,0.16,0.00,2.09,37.78,0.00,3.65,4.18,22.56,22.60,NULL,516.00,17.50,1.09,17.70,0.00,28.62),(140,2.00,0.00,0.26,4.20,85.00,850.00,113.00,10.50,1.15,50.00,0.22,4.10,1.00,13.50,3.60,3.90,5.00,22.00,49.00,NULL,485.00,2.00,1.30,50.00,0.00,35.10),(141,1.70,0.00,0.05,3.00,68.00,820.00,103.00,9.50,0.85,18.00,0.29,5.10,1.20,31.00,4.00,2.80,4.80,25.00,163.00,NULL,250.00,27.00,1.20,29.00,0.00,30.00),(142,0.80,0.00,0.07,6.60,106.00,850.00,133.00,10.80,1.28,40.00,0.06,3.00,1.00,46.40,3.70,3.60,3.40,20.00,17.00,NULL,515.00,20.00,0.40,11.90,0.00,23.00),(143,8.70,26.25,0.80,9.40,133.00,850.00,175.00,0.00,1.04,173.00,2.10,8.20,0.00,35.60,5.70,7.80,0.00,32.00,73.00,NULL,0.00,0.00,0.00,30.00,940.00,46.30),(144,10.20,27.00,0.27,14.70,124.00,850.00,159.00,0.00,1.06,204.00,0.90,7.00,0.00,71.00,5.40,8.10,0.00,30.00,64.00,NULL,0.00,0.00,0.00,41.00,2018.00,116.00),(145,14.00,23.00,1.15,11.40,138.00,850.00,182.00,10.40,1.05,120.00,2.40,0.00,2.20,38.00,0.00,12.10,8.10,43.00,70.00,NULL,450.00,50.00,1.90,43.70,28000.00,68.00),(146,1.70,0.00,0.11,7.60,169.00,850.00,215.00,9.10,0.88,213.00,0.95,0.00,2.80,62.00,0.00,6.00,7.30,40.00,64.00,NULL,219.00,63.00,1.50,20.80,0.00,54.00),(147,5.30,3.00,0.77,12.60,120.00,850.00,157.00,9.93,0.96,121.00,1.60,0.00,2.50,67.00,0.00,8.70,8.50,34.00,41.00,NULL,216.00,56.00,1.60,23.70,2400.00,49.00),(148,5.20,1.00,1.25,13.00,150.00,850.00,196.00,10.95,1.05,81.00,2.00,0.00,1.50,43.00,0.00,8.90,8.00,26.00,56.00,NULL,323.00,57.00,1.90,40.00,3200.00,34.00),(149,8.90,0.00,1.50,14.70,102.00,850.00,127.00,9.10,0.87,217.00,1.60,0.00,2.50,49.00,0.00,4.80,5.50,40.00,56.00,NULL,228.00,36.00,1.40,21.50,1000.00,46.00),(150,7.00,30.00,1.60,12.30,96.00,850.00,120.00,11.97,1.13,167.00,1.10,0.00,1.50,19.50,0.00,5.00,7.20,30.00,52.00,NULL,394.00,50.00,1.30,30.00,1000.00,36.50),(151,8.00,55.00,1.62,13.20,120.00,850.00,150.00,11.65,1.10,136.00,1.10,0.00,1.60,18.50,0.00,5.00,8.20,24.00,58.00,NULL,355.00,53.00,1.50,35.00,1004.00,35.00),(152,5.10,30.00,1.62,18.90,169.00,850.00,210.00,11.22,1.06,208.00,1.50,0.00,2.80,48.00,0.00,7.30,6.50,48.00,58.00,NULL,223.00,36.00,2.30,13.70,1025.00,49.00),(153,6.30,30.00,1.60,17.60,141.00,850.00,176.00,10.59,1.00,128.00,1.30,0.00,2.40,47.00,0.00,8.40,6.10,30.00,67.00,NULL,284.00,33.00,1.80,22.20,1001.00,41.00),(154,8.60,55.00,1.55,17.30,134.00,850.00,168.00,10.49,0.97,127.00,1.60,0.00,2.60,63.00,0.00,8.60,7.50,32.00,68.00,NULL,234.00,39.00,1.70,21.00,1000.00,50.00),(155,10.00,65.00,0.25,16.10,110.00,850.00,150.00,0.00,1.08,199.00,1.00,7.40,0.00,91.00,5.40,8.00,0.00,26.60,53.00,NULL,0.00,0.00,0.00,30.00,2018.00,126.00),(156,8.00,50.00,0.21,12.20,100.00,850.00,135.00,0.00,1.11,171.00,0.72,6.00,0.00,69.00,4.60,7.00,0.00,27.20,52.00,NULL,0.00,0.00,0.00,27.60,1612.00,98.00),(157,7.20,45.75,0.20,11.50,100.00,850.00,136.00,0.00,1.17,278.00,0.72,6.20,0.00,52.00,4.90,6.00,0.00,28.00,49.00,NULL,0.00,0.00,0.00,12.80,1514.00,66.00),(158,8.70,22.25,0.71,8.10,107.00,850.00,142.00,0.00,1.06,87.00,1.10,6.20,0.00,30.00,4.60,5.80,0.00,25.00,52.00,NULL,0.00,0.00,0.00,32.10,900.00,40.00),(159,10.20,40.25,0.80,9.20,155.00,850.00,189.00,0.00,1.16,159.00,1.30,9.30,0.00,20.00,6.20,7.90,0.00,29.00,42.00,NULL,0.00,0.00,0.00,31.00,927.00,46.00),(160,13.00,207.75,0.70,82.00,178.00,850.00,218.00,0.00,1.36,98.00,1.40,15.20,0.00,76.00,9.10,9.00,0.00,43.00,31.00,NULL,0.00,0.00,0.00,61.00,6031.00,45.00),(161,10.00,202.75,0.50,83.00,152.00,850.00,185.00,0.00,1.18,161.00,1.70,9.80,0.00,94.00,8.00,9.10,0.00,40.00,42.00,NULL,0.00,0.00,0.00,53.00,6033.00,53.00),(162,11.00,121.00,0.30,38.00,112.00,850.00,156.00,0.00,1.19,137.00,0.90,8.10,0.00,56.00,6.10,9.00,0.00,36.00,48.00,NULL,0.00,0.00,0.00,45.00,3005.00,37.00),(163,10.00,32.25,0.70,9.20,130.00,850.00,170.00,0.00,10.80,117.00,1.30,8.30,0.00,45.00,5.20,7.00,0.00,23.00,54.00,NULL,0.00,0.00,0.00,24.70,934.00,45.00),(164,9.20,28.25,0.70,9.30,126.00,850.00,166.00,0.00,1.00,208.00,1.50,7.50,0.00,40.00,5.60,8.30,0.00,32.00,74.00,NULL,0.00,0.00,0.00,28.60,1070.00,44.00),(165,10.80,45.25,0.70,9.30,146.00,850.00,178.00,0.00,1.03,180.00,1.20,8.90,0.00,75.00,6.50,9.60,0.00,31.20,71.00,NULL,0.00,0.00,0.00,26.00,907.00,45.00),(166,5.30,24.00,0.77,12.60,120.00,850.00,157.00,9.93,0.96,121.00,1.60,0.00,2.50,67.00,0.00,8.70,8.50,34.00,41.00,NULL,216.00,56.00,1.60,23.70,2400.00,49.00),(167,0.20,20.00,0.01,0.90,14.00,228.00,17.00,3.12,0.34,0.00,0.10,1.20,30.20,5.00,0.90,0.60,5.10,1.00,9.00,NULL,120.00,25.00,0.20,0.60,0.00,7.00),(168,2.70,25.00,0.04,5.10,56.00,850.00,87.00,11.23,1.12,222.00,0.00,4.30,0.90,10.00,1.60,2.10,12.90,3.00,13.00,NULL,540.00,50.00,0.70,7.00,0.00,0.00),(169,0.60,23.00,0.01,0.70,9.00,108.00,13.00,1.42,0.11,12.50,0.10,0.50,0.20,12.00,0.50,0.60,4.00,1.00,8.00,NULL,3.00,66.00,0.20,0.70,0.00,6.00),(170,0.50,19.00,0.01,1.00,13.00,172.00,16.00,2.16,0.17,17.50,0.09,0.60,0.20,13.00,0.50,0.50,4.30,1.00,11.00,NULL,4.00,97.00,0.30,0.50,0.00,7.00),(171,0.50,11.00,0.01,1.90,11.00,216.00,14.00,2.83,0.24,20.00,0.08,0.70,0.40,15.00,0.40,0.60,2.60,1.00,13.00,NULL,6.00,170.00,0.10,0.40,0.00,7.00),(172,0.80,41.00,0.00,0.30,9.00,102.00,12.00,1.21,0.09,8.70,0.05,0.50,0.20,2.00,0.50,0.70,2.40,3.00,12.00,NULL,6.00,21.00,0.40,0.40,0.00,4.00),(173,0.70,37.00,0.01,0.40,9.00,103.00,11.00,1.24,0.11,8.10,0.13,0.50,0.20,3.00,0.60,0.70,2.40,1.00,11.00,NULL,2.00,54.00,0.20,0.70,0.00,4.00),(174,0.20,32.00,0.00,0.20,3.00,62.00,6.00,0.59,0.07,9.60,0.00,0.20,0.20,1.00,0.20,0.30,2.20,2.00,11.00,NULL,10.00,17.00,0.20,0.00,0.00,0.00),(175,0.40,25.00,0.00,0.20,5.00,71.00,7.00,0.84,0.08,5.80,0.00,0.60,0.30,0.50,0.50,0.40,3.60,2.00,10.00,NULL,2.00,38.00,0.20,0.30,0.00,0.00),(176,0.50,20.00,0.01,0.80,13.00,221.00,18.00,2.77,0.29,9.90,0.07,1.20,0.00,1.00,0.90,0.80,4.20,1.00,6.00,NULL,140.00,15.00,0.30,0.80,0.00,7.00),(177,0.70,40.00,0.01,0.50,8.00,106.00,12.00,1.33,0.10,7.70,0.08,0.40,0.20,3.00,0.40,0.60,2.40,1.00,8.00,NULL,6.00,61.00,0.50,0.80,0.00,3.00),(178,0.60,50.00,0.00,0.70,6.00,98.00,8.00,1.22,0.12,7.70,0.07,0.30,0.30,2.00,0.30,0.60,5.00,2.00,9.00,NULL,3.00,65.00,0.20,1.50,0.00,6.00),(179,5.60,15.00,0.08,10.50,37.00,860.00,73.00,9.00,1.10,100.00,0.25,4.90,0.00,19.00,1.30,3.10,19.70,22.00,67.00,NULL,18.00,350.00,0.00,7.60,0.00,20.00),(180,0.80,14.00,0.01,0.70,15.00,147.00,19.00,1.82,0.15,15.20,0.07,0.70,0.20,7.00,0.50,0.80,2.60,2.00,10.00,NULL,3.00,97.00,0.10,0.50,0.00,7.00),(181,0.60,19.00,0.01,0.60,10.00,169.00,15.00,2.05,0.21,8.80,0.10,1.00,0.20,0.50,0.10,0.80,4.90,3.00,7.70,NULL,10.00,120.00,0.30,0.80,0.00,7.00),(182,0.90,15.00,0.00,0.00,14.00,189.00,22.00,1.73,0.20,0.00,0.00,0.60,0.40,0.00,0.70,0.70,4.10,4.00,50.00,NULL,6.00,45.00,0.40,0.00,0.00,0.00),(183,0.90,16.00,0.02,0.70,13.00,144.00,18.00,1.34,0.16,48.00,0.07,0.70,0.30,10.00,0.40,0.70,3.50,4.00,40.00,NULL,5.00,40.00,0.20,40.00,1.00,4.00),(184,0.90,14.00,0.03,0.80,14.00,156.00,22.00,1.44,0.17,43.00,0.08,0.80,0.40,9.00,0.50,0.70,3.80,4.00,46.00,NULL,3.00,46.00,0.60,50.00,2.00,3.00),(185,3.40,13.00,0.29,26.40,287.00,900.00,338.00,11.70,1.27,197.00,0.93,11.50,4.30,38.00,9.10,10.00,12.40,102.00,95.00,NULL,0.00,35.00,3.90,5.80,4.00,69.00),(186,0.00,20.00,0.00,0.00,0.00,970.00,0.00,28.00,2.70,0.00,0.00,0.00,0.00,0.00,0.00,0.00,0.00,970.00,0.00,NULL,0.00,0.00,0.00,0.00,0.00,0.00),(187,0.30,15.00,0.03,28.00,2.00,95.00,5.00,1.07,0.11,21.00,0.06,0.00,0.00,2.00,0.00,0.50,5.10,1.00,7.00,NULL,0.00,0.00,0.00,0.00,0.00,1.00),(188,0.20,10.00,0.00,0.00,8.00,250.00,16.00,2.39,0.26,0.00,0.00,0.00,0.00,0.00,0.00,0.40,0.00,3.00,25.00,NULL,0.00,0.00,0.00,0.00,0.00,0.00),(189,0.70,35.00,0.12,112.00,46.00,865.00,72.00,8.85,0.95,252.00,0.18,0.00,1.80,12.00,0.00,1.40,13.30,9.00,65.00,NULL,0.00,0.00,1.80,0.00,0.00,7.00),(190,380.00,48.00,0.00,0.00,0.00,990.00,0.00,0.00,0.00,0.00,0.00,0.00,0.00,0.00,0.00,0.00,0.00,0.00,0.00,NULL,0.00,0.00,0.00,0.00,0.00,0.00),(191,380.00,30.00,0.00,0.00,0.00,0.00,0.00,0.00,0.00,0.00,0.00,0.00,0.00,0.00,0.00,0.00,0.00,0.00,0.00,NULL,0.00,0.00,0.00,0.00,0.00,0.00),(192,380.00,40.38,0.00,0.00,0.00,980.00,0.00,0.00,0.00,0.00,0.00,0.00,0.00,0.00,0.00,0.00,0.00,0.00,0.00,NULL,0.00,0.00,0.00,0.00,0.00,0.00),(193,9.10,30.00,0.21,2.10,221.00,920.00,245.00,13.30,2.02,42.00,0.40,19.40,0.70,2.00,8.10,8.40,9.80,259.00,0.00,NULL,0.00,0.00,2.50,8.70,127.00,21.00),(194,12.70,25.00,9.00,9.00,230.00,960.00,287.00,14.60,2.23,80.00,0.70,25.00,1.30,2.00,11.00,8.70,15.00,165.00,0.00,NULL,10.00,360.00,3.90,0.40,15000.00,43.00),(195,1.60,20.00,0.03,0.70,51.00,150.00,54.00,2.74,0.34,9.60,0.26,4.20,0.20,0.10,1.00,1.40,1.30,45.00,0.00,NULL,0.00,0.00,1.00,1.50,100.00,13.50),(196,1.40,16.00,0.01,0.90,31.00,90.00,33.00,1.31,0.13,2.00,0.11,2.90,0.10,0.20,1.20,1.00,1.80,1.00,0.00,NULL,0.00,40.00,0.40,0.60,12.00,4.00),(197,12.90,10.00,1.80,13.00,338.00,920.00,370.00,12.31,1.25,8.00,0.13,28.00,0.00,2.00,11.00,10.00,15.00,11.00,0.00,NULL,0.00,390.00,3.60,0.00,0.00,47.00),(198,1.80,7.00,0.00,0.00,34.00,95.00,38.00,1.48,0.22,0.00,0.00,0.20,0.50,0.20,1.20,1.00,0.70,35.00,0.00,NULL,0.00,0.00,0.10,0.70,0.00,3.00),(199,13.60,8.00,0.00,0.00,367.00,863.00,382.00,13.39,2.00,0.00,0.00,2.60,4.80,3.00,11.50,7.40,9.90,57.00,0.00,NULL,0.00,310.00,0.80,6.20,0.00,0.00),(200,12.20,8.00,1.80,13.00,221.00,940.00,240.00,13.36,2.03,8.00,0.13,17.10,0.00,2.00,8.90,9.80,15.00,250.00,0.00,NULL,0.00,0.00,3.60,50.00,15000.00,47.00),(201,0.40,18.00,0.01,0.20,9.00,59.00,10.00,0.94,0.09,2.00,0.00,0.60,0.10,0.30,0.10,0.50,1.90,1.00,0.00,NULL,0.00,42.00,0.10,0.00,0.00,1.00),(202,11.80,20.00,0.11,5.60,102.00,879.00,116.00,12.04,1.68,13.00,0.04,8.00,1.20,2.00,1.00,6.60,6.80,9.00,0.00,NULL,0.00,600.00,0.70,0.20,0.00,8.00),(203,1.30,16.00,0.03,0.30,33.00,130.00,35.00,2.28,0.30,6.00,0.06,2.80,0.10,0.30,1.20,1.20,1.40,37.00,0.00,NULL,0.00,49.00,0.40,1.20,13.00,3.00),(204,9.10,40.00,0.21,2.10,221.00,920.00,245.00,13.30,2.02,42.00,0.40,19.40,0.70,2.20,8.10,8.40,9.80,259.00,0.00,NULL,0.00,0.00,2.50,8.70,127.00,21.00),(205,174.00,12.00,0.00,0.00,0.00,990.00,0.00,0.00,0.00,0.00,0.00,0.00,0.00,0.00,0.00,230.00,0.00,0.00,0.00,NULL,0.00,0.00,0.00,0.00,0.00,0.00),(206,0.00,15.00,0.00,0.00,0.00,990.00,0.00,0.00,0.00,0.00,0.00,0.00,0.00,0.00,0.00,240.00,0.00,0.00,0.00,NULL,0.00,0.00,0.00,0.00,0.00,0.00),(207,143.00,16.00,0.18,1.50,341.00,900.00,401.00,8.63,1.04,50.00,1.31,21.70,1.80,12.30,8.80,74.00,14.00,112.00,0.00,NULL,0.00,0.00,2.50,1.00,0.00,85.00),(208,27.00,20.00,0.10,4.80,482.00,900.00,535.00,9.92,1.31,74.60,0.00,42.80,1.90,9.90,22.50,18.00,6.90,108.00,0.00,NULL,0.00,0.00,4.20,0.00,0.00,97.20),(209,4.60,17.00,0.08,7.90,12.00,900.00,51.00,5.88,0.25,126.00,0.11,0.30,1.00,224.70,0.10,1.40,3.30,49.00,306.00,NULL,4.50,16.00,0.80,70.00,30.00,26.20),(210,12.10,18.00,0.70,5.00,44.00,850.00,78.00,6.00,0.40,1390.00,0.03,2.30,3.00,50.00,3.00,3.00,14.00,25.00,279.00,NULL,0.00,4.00,2.00,0.00,18.00,40.00),(211,13.30,17.00,0.00,3.80,65.00,775.00,130.00,6.09,0.49,195.00,0.20,2.30,3.00,176.00,3.00,3.50,14.00,13.00,203.00,NULL,0.00,0.00,2.00,0.00,0.00,8.00),(212,13.10,14.00,0.20,7.50,35.00,851.00,71.00,6.20,0.35,4270.00,0.40,2.50,2.50,181.00,3.70,3.50,10.50,21.00,351.00,NULL,0.00,5.00,1.50,0.00,20.00,50.00),(213,12.10,15.00,0.00,3.80,57.00,775.00,100.00,5.70,0.52,195.00,0.20,6.00,2.50,179.00,3.50,3.00,10.50,19.00,247.00,NULL,0.00,0.00,1.50,0.00,0.00,0.00),(214,10.60,20.00,0.23,4.10,48.00,832.00,105.00,4.40,0.27,3950.00,0.30,1.60,8.50,230.00,1.20,2.10,9.50,15.00,211.00,NULL,0.00,3.00,1.10,0.00,10.00,50.00),(215,10.40,15.00,0.23,4.10,46.00,775.00,99.00,4.08,0.33,393.00,0.00,1.60,8.50,229.00,1.20,2.20,9.50,20.00,226.00,NULL,0.00,0.00,1.10,0.00,0.00,0.00),(216,14.50,10.00,0.01,12.80,92.00,812.00,131.00,7.60,0.60,2050.00,0.40,2.50,5.50,109.00,3.10,2.40,5.50,23.00,238.00,NULL,0.00,5.00,1.20,0.00,20.00,72.00),(217,14.00,20.00,0.01,6.40,103.00,775.00,147.00,7.27,0.66,450.00,0.40,2.50,5.50,109.00,3.10,2.70,5.50,25.00,218.00,NULL,0.00,0.00,1.20,0.00,0.00,36.00),(218,10.30,15.00,0.01,0.20,40.00,850.00,79.00,5.10,0.33,3430.00,0.20,1.40,2.00,221.00,1.00,2.90,10.30,47.00,348.00,NULL,0.00,2.00,1.10,0.00,8.00,20.00),(219,10.30,10.00,0.01,3.30,37.00,790.00,73.00,4.14,0.26,348.00,0.00,4.10,2.00,218.00,2.40,3.10,10.30,31.00,342.00,NULL,0.00,0.00,1.10,0.00,8.00,0.00),(220,6.60,15.00,0.10,1.00,23.00,819.00,62.00,5.10,0.34,1520.00,0.40,2.00,1.60,180.00,1.00,1.40,8.60,26.00,243.00,NULL,0.00,5.00,2.50,0.00,5.00,29.00),(221,6.60,10.00,0.00,1.00,22.00,775.00,59.00,4.88,0.44,170.00,0.00,2.00,1.60,179.00,1.00,2.60,8.60,22.00,247.00,NULL,0.00,0.00,2.50,0.00,0.00,0.00),(222,3.60,14.00,0.02,1.20,26.00,876.00,75.00,4.97,0.29,890.00,0.40,1.50,1.80,75.00,1.40,1.90,6.60,24.00,276.00,NULL,0.00,3.00,1.20,0.00,8.00,70.00),(223,4.10,20.00,0.02,1.20,26.00,876.00,75.00,4.92,0.41,0.00,0.40,4.80,1.80,75.00,2.20,2.20,6.60,24.00,276.00,NULL,0.00,0.00,1.20,0.00,0.00,0.00),(224,3.80,15.00,0.00,0.50,15.00,775.00,56.00,4.62,0.40,83.00,0.00,1.90,1.90,78.00,0.90,2.30,7.40,15.00,266.00,NULL,0.00,0.00,1.20,0.00,0.00,0.00),(225,4.50,6.00,0.03,3.10,22.00,840.00,72.00,4.60,0.31,1170.00,0.04,1.80,1.20,189.00,0.80,2.90,5.50,18.00,289.00,NULL,0.00,8.00,1.20,0.00,10.00,11.00),(226,4.20,30.00,0.04,3.00,29.00,840.00,98.00,4.70,0.31,870.00,0.04,1.90,1.90,79.00,0.90,2.70,7.40,26.00,225.00,NULL,0.00,10.00,1.20,0.00,12.00,14.00),(227,5.50,15.00,0.04,2.20,21.00,822.00,68.00,4.70,0.27,900.00,0.40,1.70,1.20,107.00,1.30,2.50,7.10,25.00,269.00,NULL,0.00,4.00,1.00,0.00,10.00,18.00),(228,5.50,12.00,0.04,2.00,18.00,858.00,58.00,5.09,0.28,94.00,0.00,1.80,1.20,103.00,0.50,2.60,7.10,20.00,300.00,NULL,0.00,0.00,1.00,0.00,0.00,0.00),(229,4.80,15.00,0.02,3.80,16.00,827.00,59.00,4.80,0.32,1180.00,0.50,1.50,0.70,235.00,2.40,1.80,10.40,24.00,289.00,NULL,0.00,4.00,1.10,0.00,10.00,20.00),(230,4.60,15.00,0.00,3.50,15.00,825.00,55.00,4.94,0.27,118.00,0.19,1.50,0.70,234.00,2.40,1.90,10.40,15.00,294.00,NULL,0.00,0.00,1.10,0.00,0.00,13.00),(231,1.40,15.00,0.07,0.90,35.00,90.00,37.00,1.31,0.13,0.80,0.11,2.90,0.10,0.21,1.20,1.00,1.80,1.00,0.00,NULL,0.00,0.00,0.39,0.60,10.00,4.40),(232,12.90,15.00,1.80,13.00,338.00,920.00,370.00,12.31,1.25,8.00,0.13,29.30,0.00,2.00,12.90,10.00,15.00,11.00,0.00,NULL,0.00,390.00,3.60,0.40,0.00,47.00),(233,3.80,15.00,0.01,1.30,25.00,270.00,37.00,2.53,0.23,63.00,0.07,2.20,1.00,136.00,1.60,1.30,5.20,9.00,71.00,NULL,0.00,23.00,1.10,31.00,3.00,8.00),(234,3.30,14.00,0.02,2.80,32.00,226.00,43.00,2.28,0.22,50.00,0.00,2.10,0.00,40.00,1.10,0.90,0.00,10.00,56.00,NULL,0.00,11.00,0.00,34.00,2.00,8.00),(235,3.30,25.00,0.02,2.30,24.00,264.00,40.00,2.33,0.23,55.00,0.10,1.60,0.40,14.00,1.10,1.20,4.70,11.00,76.00,NULL,0.00,10.00,0.40,36.00,3.00,7.00),(236,3.00,27.00,0.03,0.60,22.00,258.00,32.00,2.50,0.22,38.00,0.00,2.60,0.00,75.00,1.60,1.60,0.00,10.00,68.00,NULL,0.00,41.00,0.00,36.00,2.00,8.00),(237,3.90,12.00,0.04,1.30,28.00,308.00,39.00,2.79,0.24,84.00,0.00,2.40,0.00,64.00,1.10,1.40,0.00,11.00,82.00,NULL,0.00,32.00,0.00,35.00,3.00,6.00),(238,2.00,20.00,0.01,1.80,16.00,234.00,31.00,1.93,0.17,26.00,0.09,1.50,0.50,22.00,0.90,1.20,5.00,8.00,68.00,NULL,4.00,29.00,0.70,31.00,4.00,7.00),(239,2.00,5.00,0.10,11.30,97.00,850.00,151.00,8.85,0.75,170.00,1.75,5.40,4.30,117.00,3.90,9.60,10.90,41.00,88.00,NULL,0.00,47.00,1.90,20.90,0.00,81.00),(240,2.00,10.00,0.10,11.30,97.00,850.00,151.00,8.85,0.75,170.00,1.75,5.40,4.30,117.00,3.90,9.60,10.90,41.00,88.00,NULL,0.00,47.00,1.90,20.90,0.00,81.00),(241,3.50,15.00,0.06,1.00,30.00,350.00,48.00,2.60,0.18,25.00,0.03,1.90,0.60,42.00,1.60,0.80,6.40,11.00,86.00,NULL,8.60,19.60,0.60,0.00,0.00,4.00),(242,2.30,18.00,0.09,1.00,36.00,327.00,53.00,3.00,0.25,16.00,0.07,1.70,1.10,37.00,1.90,1.00,5.80,14.00,87.00,NULL,6.40,18.50,1.30,0.00,0.00,7.00),(243,3.00,15.00,0.02,2.00,27.00,384.00,47.00,3.30,0.29,41.00,0.12,2.30,0.60,11.00,0.90,0.80,5.60,19.00,90.00,NULL,7.60,19.50,0.70,50.00,3.80,4.40),(244,1.70,15.00,0.02,2.00,25.00,247.00,40.00,2.20,0.23,18.00,0.03,1.80,1.20,21.00,1.70,0.80,5.40,9.00,65.00,NULL,7.30,19.50,0.80,0.00,0.00,6.00),(245,1.60,15.00,0.02,2.00,31.00,263.00,47.00,2.30,0.19,17.00,0.03,1.70,0.80,21.00,0.80,0.80,4.20,12.00,81.00,NULL,5.20,19.00,0.90,50.00,2.60,6.00),(246,3.40,19.00,0.23,1.20,25.00,276.00,37.00,2.60,0.23,44.00,0.13,1.70,0.50,50.00,0.90,0.40,1.10,9.00,66.00,NULL,5.80,23.00,0.50,40.00,2.70,7.00),(247,1.30,10.00,0.20,1.10,19.00,332.00,36.00,2.81,0.22,20.00,0.05,1.40,0.40,50.00,0.60,0.60,3.20,10.00,106.00,NULL,0.00,27.00,0.70,40.00,5.00,5.00),(248,16.50,25.00,0.07,16.20,527.00,900.00,675.00,12.44,1.04,1900.00,0.76,67.20,0.20,9.00,25.40,4.50,4.00,25.00,0.00,NULL,2.00,45.00,2.10,0.00,0.00,26.00),(249,61.00,12.00,0.24,10.20,516.00,900.00,561.00,14.01,1.49,700.00,1.44,88.00,0.90,8.00,12.10,31.00,5.80,153.00,0.00,NULL,10.00,20.00,1.20,0.00,0.00,66.00),(250,61.00,24.00,0.24,10.20,516.00,900.00,561.00,14.01,1.49,700.00,1.44,88.00,0.90,8.00,12.10,31.00,5.80,153.00,0.00,NULL,10.00,20.00,1.20,1.00,0.00,66.00),(251,143.00,9.00,0.07,61.00,341.00,900.00,401.00,8.63,1.04,756.00,0.66,21.70,1.80,11.00,8.80,74.00,14.00,112.00,0.00,NULL,5.00,30.00,2.50,1.00,0.00,62.00),(252,66.60,30.00,0.11,15.20,571.00,900.00,621.00,11.47,0.98,113.00,2.60,49.70,4.50,24.00,26.10,36.20,16.60,23.00,0.00,NULL,0.00,0.00,4.90,19.30,75.00,106.00),(253,37.40,25.00,0.75,9.70,612.00,900.00,651.00,14.49,1.43,94.00,0.00,52.10,0.00,9.00,27.30,24.60,7.40,113.00,0.00,NULL,0.00,0.00,0.00,9.00,10.00,105.00),(254,27.00,19.00,0.10,4.80,482.00,900.00,535.00,9.92,1.31,75.00,0.00,42.80,1.90,10.00,22.50,18.00,6.90,108.00,0.00,NULL,0.00,0.00,4.20,0.00,0.00,97.00),(255,9.90,20.00,0.10,2.00,128.00,300.00,141.00,5.81,0.69,40.00,0.00,6.90,0.60,4.00,2.30,7.90,4.30,120.00,0.00,NULL,0.00,0.00,0.00,6.50,40.00,33.00),(256,3.20,15.00,0.60,4.60,60.00,800.00,99.00,9.36,0.76,283.00,0.68,0.00,0.10,24.60,0.00,0.20,32.90,0.00,0.00,NULL,0.00,543.00,1.40,3.00,0.00,20.80),(257,3.60,10.00,0.60,4.60,50.00,800.00,99.00,9.34,0.75,283.00,0.70,1.90,0.10,24.00,0.80,0.10,3.30,0.00,0.00,NULL,0.00,540.00,1.40,3.00,0.00,21.00),(258,4.10,25.00,0.00,0.00,32.00,214.00,37.00,2.89,0.30,0.00,0.00,1.45,0.00,0.00,0.62,1.40,0.00,13.00,12.00,NULL,0.00,0.00,0.00,0.00,0.00,0.00),(259,0.00,20.00,0.00,0.00,23.00,170.00,27.00,2.28,0.23,0.00,0.00,1.20,0.00,0.00,0.50,0.00,0.00,11.00,6.00,NULL,0.00,0.00,0.00,0.00,0.00,0.00),(260,1.10,16.00,0.10,0.50,29.00,465.00,46.00,5.64,0.58,65.00,0.03,1.80,0.40,17.30,1.00,0.70,6.20,19.00,45.00,NULL,0.00,60.00,0.50,20.00,5.00,0.90),(261,0.90,35.00,0.09,0.40,17.00,308.00,28.00,3.65,0.36,40.00,0.03,1.20,0.40,16.00,0.80,0.50,5.00,10.00,43.00,NULL,0.00,58.00,0.50,17.00,5.00,1.50),(262,0.80,30.00,0.07,0.40,11.00,200.00,18.00,2.34,0.23,25.00,0.03,0.70,0.40,14.90,0.40,0.40,3.80,4.00,37.00,NULL,0.00,54.00,0.60,15.00,5.00,2.10),(263,260.00,20.00,0.00,0.00,0.00,990.00,0.00,0.00,0.00,0.00,0.00,0.00,0.00,0.00,0.00,190.00,0.00,0.00,0.00,NULL,0.00,0.00,0.00,0.00,0.00,0.00),(264,2.00,25.00,0.10,11.30,101.00,850.00,140.00,9.03,0.75,170.00,0.08,5.40,4.30,117.00,3.90,9.60,10.90,49.00,90.00,NULL,370.00,47.00,1.90,20.90,0.00,81.00),(265,1.10,20.00,0.03,11.30,113.00,860.00,155.00,8.97,0.76,130.00,0.04,7.30,3.30,89.00,5.50,5.70,6.80,34.00,81.00,NULL,360.00,50.00,1.30,10.10,0.00,46.00),(266,0.00,15.00,0.00,0.00,0.00,950.00,0.00,0.00,1.50,0.00,0.00,0.00,0.00,0.00,0.00,0.00,0.00,0.00,0.00,NULL,0.00,950.00,0.00,0.00,0.00,0.00),(267,2.80,45.00,0.39,1.80,38.00,450.00,54.00,3.68,0.32,119.00,0.10,3.00,0.80,26.00,1.40,1.40,9.60,13.00,148.00,NULL,14.00,22.00,0.70,45.00,160.00,8.10),(268,3.00,35.00,0.39,1.80,38.00,456.00,59.00,4.01,0.36,119.00,0.10,3.00,0.80,26.00,1.40,1.00,9.60,14.00,105.00,NULL,14.00,22.00,0.70,45.00,0.00,8.00),(269,2.30,20.00,0.30,1.40,23.00,400.00,36.00,3.13,0.28,93.00,0.08,2.30,0.60,20.00,1.10,0.80,7.50,11.00,100.00,NULL,10.00,10.00,0.50,35.10,0.00,6.00),(270,3.70,40.00,0.10,2.10,39.00,450.00,52.00,4.44,0.46,36.00,0.10,2.00,1.10,30.30,1.30,1.60,7.30,11.00,139.00,NULL,19.00,18.00,0.80,50.00,120.00,10.10),(271,4.40,30.00,0.10,2.10,43.00,492.00,67.00,4.32,0.38,36.00,0.10,0.00,1.10,30.00,0.00,1.20,7.30,8.00,118.00,NULL,15.00,30.00,0.80,50.00,0.00,10.10),(272,4.00,20.00,0.09,1.90,33.00,450.00,51.00,3.93,0.35,33.00,0.09,0.00,1.00,27.00,0.00,1.10,6.60,8.00,108.00,NULL,14.00,27.00,0.70,45.50,100.00,9.20),(273,3.40,30.00,0.08,1.60,24.00,400.00,38.00,3.37,0.30,28.00,0.08,0.00,0.80,23.00,0.00,0.90,5.70,7.00,102.00,NULL,8.00,15.00,0.60,39.00,0.00,7.80),(274,3.10,20.00,0.05,3.00,30.00,440.00,52.00,3.75,0.30,46.00,0.12,0.00,0.50,35.00,0.00,1.10,10.90,12.00,116.00,NULL,0.00,25.00,0.50,123.20,0.00,5.00),(275,2.20,15.00,0.04,2.30,19.00,400.00,33.00,2.92,0.23,36.00,0.09,0.00,0.40,27.00,0.00,0.70,8.50,9.00,128.00,NULL,0.00,10.00,0.40,97.30,0.00,4.00),(276,5.50,30.00,0.07,2.70,33.00,450.00,53.00,3.84,0.34,72.00,0.14,2.20,0.70,28.40,1.20,0.60,7.90,12.00,143.00,NULL,10.00,16.00,0.70,128.00,185.00,5.10),(277,6.10,30.00,0.07,2.70,45.00,460.00,69.00,4.27,0.38,72.00,0.14,2.20,0.70,28.00,1.20,1.10,7.90,12.00,100.00,NULL,10.00,16.00,0.70,128.00,185.00,5.00),(278,5.50,35.00,0.06,2.40,35.00,425.00,54.00,3.89,0.35,65.00,0.12,2.00,0.60,25.00,1.10,1.00,7.20,11.00,104.00,NULL,8.00,15.00,0.60,115.00,0.00,5.00),(279,4.30,35.00,0.05,2.10,30.00,400.00,46.00,3.33,0.30,56.00,0.11,1.60,0.50,22.00,0.80,0.80,6.20,10.00,109.00,NULL,6.00,10.00,0.50,100.00,0.00,4.00),(280,3.40,25.00,0.05,3.60,26.00,425.00,55.00,3.68,0.33,75.00,0.09,3.30,1.10,30.00,1.10,1.20,6.20,8.00,105.00,NULL,8.00,24.00,1.40,55.00,0.00,14.00),(281,2.90,49.00,0.05,3.10,23.00,400.00,47.00,3.15,0.28,65.00,0.08,2.80,0.90,25.00,0.90,1.00,5.30,7.00,100.00,NULL,6.00,15.00,1.20,47.00,0.00,12.00),(282,10.90,45.00,0.05,6.30,71.00,450.00,103.00,4.19,0.35,126.00,0.14,5.70,0.90,22.50,3.80,1.00,11.90,17.00,127.00,NULL,12.00,19.00,1.20,25.00,165.00,9.20),(283,9.10,44.00,0.04,5.70,35.00,410.00,60.00,3.59,0.30,115.00,0.13,5.20,0.80,20.00,3.40,0.80,10.80,12.00,100.00,NULL,10.00,20.00,1.10,23.00,150.00,8.00),(284,7.90,30.00,0.04,4.90,29.00,400.00,50.00,3.08,0.26,98.00,0.11,4.40,0.70,17.00,3.00,0.70,9.30,11.00,106.00,NULL,6.00,15.00,0.90,19.50,130.00,7.00),(285,4.90,30.00,0.16,5.10,23.00,450.00,46.00,3.44,0.29,208.00,0.09,1.40,1.30,37.10,1.50,1.30,11.70,10.00,157.00,NULL,15.00,23.00,0.90,35.00,180.00,14.50),(286,4.40,30.00,0.15,4.60,21.00,410.00,42.00,3.17,0.26,189.00,0.08,1.30,1.20,34.00,1.40,1.20,10.60,9.00,133.00,NULL,12.00,15.00,0.80,31.80,160.00,13.00),(287,3.80,25.00,0.12,4.00,18.00,400.00,36.00,2.72,0.23,162.00,0.07,1.10,1.00,29.00,1.20,1.00,9.10,8.00,142.00,NULL,8.00,10.00,0.70,27.30,140.00,11.00),(288,4.00,15.00,0.02,2.00,25.00,440.00,38.00,3.78,0.31,73.00,0.02,1.90,0.60,16.00,0.80,1.80,10.00,10.00,130.00,NULL,0.00,33.00,1.20,77.50,160.00,20.60),(289,4.30,10.00,0.03,1.90,36.00,440.00,54.00,4.01,0.33,229.00,0.23,2.40,0.60,81.00,1.70,1.30,8.60,11.00,128.00,NULL,11.00,30.00,0.80,68.30,0.00,19.00),(290,3.90,20.00,0.03,1.70,26.00,400.00,40.00,3.65,0.30,208.00,0.20,2.20,0.50,74.00,1.50,1.20,7.80,10.00,116.00,NULL,8.00,20.00,0.70,62.10,150.00,17.00),(291,3.30,15.88,0.02,1.50,23.00,400.00,34.00,3.13,0.26,179.00,0.18,1.90,0.50,63.00,1.30,1.00,6.70,8.00,120.00,NULL,5.00,15.00,0.60,53.30,0.00,15.00),(292,9.50,20.00,0.14,3.40,66.00,830.00,133.00,7.04,0.53,274.00,0.13,6.40,1.40,35.20,2.80,3.00,14.70,21.00,241.00,NULL,26.00,55.00,1.30,80.00,600.00,15.80),(293,3.90,10.00,0.09,0.00,82.00,830.00,117.00,7.02,0.56,0.00,0.00,8.10,1.20,43.00,3.40,1.90,15.00,30.00,270.00,NULL,25.00,60.00,1.40,0.00,0.00,5.70),(294,9.60,10.00,0.83,10.00,69.00,830.00,141.00,6.99,0.59,770.00,0.30,7.20,2.70,64.00,4.00,2.10,17.00,25.00,249.00,NULL,24.00,45.00,1.90,128.00,600.00,6.30),(295,14.40,20.00,0.27,4.00,89.00,830.00,161.00,6.80,0.63,750.00,0.30,9.00,3.70,32.40,5.50,2.90,7.70,23.00,257.00,NULL,28.00,50.00,2.00,143.00,600.00,10.80),(296,5.20,20.00,0.05,5.80,59.00,830.00,90.00,6.58,0.50,165.00,0.40,4.10,1.60,135.00,3.80,2.00,17.00,21.00,261.00,NULL,12.00,25.00,1.10,0.00,0.00,25.60),(297,5.40,20.00,0.44,3.30,37.00,830.00,82.00,6.30,0.46,334.00,0.33,5.10,0.80,115.00,2.60,1.10,19.20,27.00,253.00,NULL,20.00,29.00,1.50,29.00,300.00,20.50),(298,5.20,15.00,0.10,8.70,46.00,850.00,80.00,7.02,0.53,970.00,0.05,3.30,1.30,24.00,5.00,1.80,1.70,36.00,280.00,NULL,0.00,13.00,1.40,20.00,150.00,10.20),(299,5.80,15.00,0.05,2.60,48.00,834.00,90.00,6.46,0.45,70.00,0.01,25.00,0.40,97.00,4.20,3.60,12.20,26.00,248.00,NULL,0.00,25.00,0.40,40.00,190.00,9.50),(300,3.60,15.00,0.20,1.20,56.00,843.00,100.00,7.00,0.50,148.00,0.07,3.00,1.60,19.00,1.40,1.70,11.70,30.00,226.00,NULL,0.00,16.00,1.30,50.00,210.00,20.00),(301,7.70,15.00,0.57,3.50,44.00,848.00,89.00,6.08,0.38,111.00,0.01,2.00,2.60,11.50,0.90,2.70,21.00,25.00,298.00,NULL,0.00,20.00,1.80,5.00,120.00,27.00),(302,5.70,10.00,0.42,2.40,40.00,859.00,76.00,6.60,0.48,170.00,0.10,2.00,0.80,0.00,4.30,1.10,10.10,28.00,257.00,NULL,0.00,20.00,1.40,20.00,150.00,0.00),(303,10.30,10.00,0.09,3.90,38.00,830.00,88.00,5.84,0.54,123.00,0.29,4.00,1.60,177.00,2.10,3.10,14.00,18.00,243.00,NULL,20.00,53.00,1.80,50.00,150.00,25.00),(304,9.20,10.00,0.08,3.50,34.00,830.00,78.00,5.20,0.47,109.00,0.26,3.60,1.40,157.00,1.90,2.80,12.50,16.00,270.00,NULL,18.00,47.00,1.60,45.00,0.00,22.00),(305,7.90,15.00,0.07,3.00,29.00,830.00,68.00,4.50,0.41,95.00,0.22,3.10,1.20,136.00,1.60,2.40,10.80,14.00,299.00,NULL,15.00,41.00,1.40,39.00,0.00,19.00),(306,11.50,15.00,0.10,4.30,52.00,830.00,98.00,6.32,0.56,135.00,0.32,0.00,1.60,195.00,0.00,3.10,17.00,25.00,207.00,NULL,0.00,60.00,1.80,0.00,0.00,28.00),(307,12.50,15.00,0.12,4.80,56.00,830.00,105.00,6.38,0.58,208.00,0.29,0.00,4.60,188.00,0.00,3.70,15.00,24.00,202.00,NULL,0.00,65.00,2.20,0.00,55.00,35.00),(308,10.20,10.00,0.09,3.90,46.00,830.00,87.00,5.61,0.50,123.00,0.29,0.00,1.40,177.00,0.00,2.80,15.00,22.00,230.00,NULL,0.00,54.00,1.60,0.00,0.00,25.00),(309,11.10,15.38,0.11,4.30,50.00,830.00,93.00,5.68,0.52,185.00,0.26,0.00,1.40,167.00,0.00,3.30,13.30,21.00,224.00,NULL,0.00,59.00,1.90,0.00,50.00,31.00),(310,9.60,14.00,0.09,3.70,40.00,830.00,81.00,4.90,0.45,160.00,0.22,0.00,1.20,145.00,0.00,2.80,11.50,18.00,248.00,NULL,0.00,50.00,1.60,0.00,42.00,27.00),(311,8.80,12.00,0.08,3.30,40.00,830.00,75.00,4.87,0.43,104.00,0.25,0.00,1.20,150.00,0.00,2.40,13.00,19.00,255.00,NULL,0.00,45.00,1.40,0.00,127.00,22.00),(312,4.80,10.00,0.06,4.60,60.00,850.00,108.00,6.90,0.54,191.00,0.32,5.20,1.50,178.00,2.20,1.90,5.40,12.00,239.00,NULL,0.00,40.00,1.90,51.00,245.00,30.00),(313,4.30,30.00,0.05,4.10,53.00,850.00,96.00,6.14,0.48,170.00,0.28,4.00,1.40,158.00,2.10,1.70,4.80,10.00,270.00,NULL,0.00,36.00,1.70,46.00,220.00,27.00),(314,3.70,25.00,0.05,3.50,46.00,850.00,83.00,5.20,0.39,147.00,0.25,3.60,1.20,137.00,2.20,1.50,4.20,9.00,298.00,NULL,0.00,28.00,1.60,39.00,188.00,23.00),(315,5.40,20.00,0.02,0.00,44.00,775.00,81.00,6.05,0.42,180.00,0.37,308.00,0.00,128.00,2.50,1.40,7.60,27.00,188.00,NULL,0.00,34.00,0.00,28.00,200.00,17.00),(316,5.40,25.00,0.03,2.00,35.00,775.00,78.00,6.00,0.42,242.00,0.26,3.70,0.00,89.00,2.10,1.80,4.90,19.00,233.00,NULL,0.00,37.00,1.60,24.00,175.00,11.00),(317,5.70,20.00,0.06,3.50,41.00,785.00,74.00,6.14,0.44,145.00,0.31,5.00,0.00,129.00,1.90,1.60,7.20,24.00,202.00,NULL,0.00,28.00,0.00,20.00,200.00,17.00),(318,6.70,15.00,0.05,2.10,42.00,775.00,85.00,6.02,0.46,213.00,0.24,4.60,0.00,117.00,2.60,1.30,5.40,20.00,213.00,NULL,0.00,35.00,1.10,60.00,180.00,28.00),(319,9.10,24.00,0.16,1.50,47.00,775.00,85.00,6.21,0.37,116.00,0.19,3.40,0.00,197.00,2.60,3.40,9.00,17.00,248.00,NULL,0.00,0.00,0.00,0.00,0.00,9.00),(320,6.80,21.00,0.08,1.50,44.00,775.00,78.00,6.09,0.47,348.00,0.40,5.00,0.00,137.00,3.10,2.80,5.20,21.00,226.00,NULL,0.00,0.00,0.00,0.00,0.00,38.00),(321,5.10,45.00,0.05,3.80,49.00,775.00,86.00,6.08,0.45,198.00,0.26,4.30,0.00,116.00,2.20,2.60,5.80,18.00,229.00,NULL,0.00,30.00,1.40,66.00,185.00,29.00),(322,7.60,10.00,0.04,1.80,42.00,775.00,74.00,6.14,0.44,348.00,0.30,4.60,0.00,149.00,0.80,2.00,16.40,24.00,213.00,NULL,0.00,0.00,0.00,0.00,0.00,29.00),(323,9.80,25.00,0.04,2.90,46.00,775.00,81.00,6.12,0.50,227.00,0.22,4.60,0.00,122.00,0.80,3.20,6.40,24.00,202.00,NULL,0.00,0.00,0.00,55.00,220.00,30.00),(324,6.40,18.00,0.12,2.10,44.00,775.00,80.00,6.13,0.42,200.00,0.33,3.50,0.00,60.00,1.90,1.70,5.40,21.00,215.00,NULL,0.00,42.00,0.00,44.00,200.00,25.00),(325,5.50,24.00,0.07,2.80,52.00,775.00,89.00,6.15,0.49,400.00,0.38,4.10,0.00,248.00,4.10,1.90,6.50,21.00,216.00,NULL,0.00,45.00,1.30,58.00,250.00,36.00),(326,8.10,17.00,0.05,4.60,56.00,775.00,100.00,6.09,0.44,165.00,0.24,4.10,0.00,110.00,1.80,3.50,5.18,22.00,254.00,NULL,0.00,37.00,0.00,50.00,230.00,28.00),(327,10.60,14.00,0.04,3.40,48.00,775.00,86.00,6.06,0.44,227.00,0.31,3.50,0.00,175.00,1.90,2.30,6.80,18.00,229.00,NULL,0.00,0.00,0.00,0.00,0.00,18.00),(328,6.80,12.00,0.08,2.40,43.00,775.00,79.00,6.10,0.47,226.00,0.26,6.00,2.00,109.00,2.30,1.80,6.10,23.00,225.00,NULL,0.00,40.00,1.30,60.00,200.00,24.00),(329,6.90,10.00,0.07,3.90,53.00,775.00,89.00,6.01,0.43,383.00,0.32,0.00,0.00,96.00,0.00,1.90,15.20,16.00,248.00,NULL,0.00,0.00,0.00,0.00,0.00,25.00),(330,5.80,20.00,0.04,1.80,47.00,775.00,81.00,6.14,0.50,349.00,0.26,5.10,1.80,148.00,3.00,1.80,16.60,20.00,221.00,NULL,0.00,54.00,1.00,56.00,160.00,29.00),(331,7.30,22.00,0.08,3.20,55.00,830.00,96.00,6.24,0.55,115.00,0.25,5.20,1.60,148.00,3.10,1.50,15.00,16.00,250.00,NULL,18.00,50.00,1.80,80.00,500.00,24.00),(332,6.50,50.00,0.07,2.80,49.00,830.00,85.00,5.52,0.49,102.00,0.22,4.60,1.40,132.00,2.80,1.30,13.00,14.00,280.00,NULL,16.00,44.00,1.60,71.00,0.00,21.00),(333,5.60,28.30,0.06,2.50,42.00,830.00,74.00,4.80,0.42,88.00,0.19,4.00,1.20,114.00,2.40,1.10,11.00,12.00,308.00,NULL,14.00,38.00,1.40,62.00,0.00,19.00),(334,4.10,3.00,0.02,3.00,50.00,830.00,86.00,6.14,0.53,205.00,0.25,4.00,0.00,154.00,2.50,1.60,7.40,24.00,228.00,NULL,14.00,53.00,1.60,48.00,600.00,29.00),(335,3.60,0.00,0.02,2.70,44.00,775.00,76.00,5.46,0.47,182.00,0.22,3.60,0.00,136.00,2.20,1.40,6.60,22.00,253.00,NULL,12.00,47.00,1.40,44.00,0.00,26.00),(336,3.10,0.00,0.01,2.30,38.00,775.00,66.00,4.73,0.41,158.00,0.19,3.10,0.00,118.00,1.90,1.20,5.70,19.00,280.00,NULL,11.00,41.00,1.20,40.00,0.00,23.00),(337,6.80,50.00,0.03,1.40,46.00,830.00,81.00,5.53,0.49,108.00,0.46,3.80,1.20,115.00,1.20,1.20,4.40,24.00,232.00,NULL,14.00,54.00,1.50,100.00,0.00,23.00),(338,5.90,20.00,0.03,1.20,40.00,830.00,70.00,4.79,0.42,93.00,0.40,3.30,1.00,99.00,1.00,1.00,3.80,21.00,257.00,NULL,12.00,47.00,1.30,85.00,385.00,20.00),(339,4.90,15.00,0.00,2.50,32.00,740.00,74.00,5.59,0.38,160.00,0.20,4.10,2.60,125.00,1.60,2.00,27.20,12.00,251.00,NULL,0.00,40.00,2.60,45.00,250.00,20.00),(340,7.70,10.00,0.04,1.60,52.00,830.00,91.00,6.22,0.55,121.00,0.52,4.30,1.30,129.00,1.40,1.40,5.00,27.00,209.00,NULL,16.00,61.00,1.60,111.00,0.00,26.00),(341,7.20,20.00,0.10,5.60,55.00,857.00,97.00,6.85,0.42,188.00,0.40,4.20,1.70,94.00,3.70,2.20,16.70,25.00,263.00,NULL,0.00,20.00,1.80,60.00,150.00,21.20),(342,6.50,14.00,0.06,3.40,52.00,838.00,89.00,6.95,0.50,155.00,0.30,4.20,1.00,74.00,3.70,1.60,15.00,24.00,262.00,NULL,0.00,12.00,2.00,70.00,170.00,18.00),(343,7.60,10.00,0.45,4.00,41.00,827.00,85.00,6.42,0.47,217.00,0.20,2.80,1.20,23.00,5.20,1.40,15.10,26.00,236.00,NULL,0.00,25.00,2.20,50.00,150.00,42.00),(344,6.80,15.00,0.05,5.30,60.00,800.00,107.00,6.55,0.51,250.00,0.36,4.20,2.00,55.00,3.70,2.20,19.60,28.00,184.00,NULL,0.00,25.00,1.50,60.00,150.00,20.00),(345,5.20,10.00,0.05,5.80,34.00,800.00,77.00,5.86,0.43,285.00,0.38,4.20,1.60,135.00,3.70,2.00,17.00,25.00,220.00,NULL,0.00,18.00,1.80,70.00,180.00,25.60),(346,7.20,8.00,0.11,5.60,49.00,828.00,88.00,6.59,0.46,287.00,0.43,4.20,1.70,94.00,3.70,2.10,17.00,25.00,254.00,NULL,0.00,20.00,1.70,70.00,200.00,21.20),(347,6.10,30.00,0.53,3.80,50.00,830.00,94.00,6.58,0.45,263.00,0.08,5.80,2.10,137.00,2.90,2.00,18.60,26.00,259.00,NULL,15.00,25.00,1.80,37.00,270.00,24.80),(348,4.60,21.00,0.03,5.10,34.00,844.00,66.00,6.54,0.38,635.00,0.00,3.00,1.80,95.00,1.40,3.80,8.00,33.00,346.00,NULL,0.00,16.00,1.00,65.00,170.00,17.50),(349,5.00,20.00,1.00,30.00,46.00,878.00,86.00,6.74,0.46,600.00,0.02,2.10,1.20,264.00,0.90,2.20,17.00,23.00,278.00,NULL,0.00,16.00,1.40,6.00,100.00,59.00),(350,5.60,21.00,0.29,1.60,48.00,844.00,88.00,6.49,0.44,340.00,0.15,2.50,1.50,138.00,4.10,1.60,11.90,28.00,266.00,NULL,0.00,23.00,1.20,45.00,170.00,9.50),(351,5.40,40.00,0.44,3.30,37.00,830.00,82.00,6.30,0.46,334.00,0.03,5.10,0.80,115.00,2.60,1.10,19.20,2.70,253.00,NULL,20.00,20.00,1.50,29.00,300.00,20.50),(352,24.20,17.00,0.03,6.60,108.00,891.00,208.00,5.39,0.31,75.00,0.10,11.20,5.20,41.00,7.70,1.40,32.00,25.00,185.00,NULL,0.00,15.00,4.00,30.00,62.00,18.00),(353,5.00,14.00,0.12,4.80,37.00,828.00,85.00,6.23,0.46,950.00,0.05,5.00,2.00,54.00,3.40,2.70,9.50,27.00,241.00,NULL,0.00,18.00,1.40,50.00,80.00,14.50),(354,7.00,10.00,0.07,2.10,53.00,832.00,95.00,7.02,0.52,188.00,0.05,4.40,1.60,162.00,3.50,2.10,17.00,23.00,247.00,NULL,0.00,20.00,1.80,70.00,200.00,7.00),(355,2.90,19.00,0.15,2.90,34.00,862.00,65.00,7.26,0.52,100.00,0.05,4.20,0.50,63.20,4.90,2.00,18.00,21.00,294.00,NULL,0.00,13.00,1.40,30.00,150.00,8.40),(356,4.10,14.00,0.17,2.30,23.00,822.00,69.00,5.20,0.33,200.00,0.02,2.20,1.50,159.00,1.20,1.50,14.00,17.00,247.00,NULL,0.00,14.00,1.80,0.50,150.00,8.90),(357,6.60,10.00,0.03,10.00,52.00,795.00,83.00,7.00,0.53,1300.00,0.01,2.80,1.70,21.70,3.00,1.20,14.00,18.00,252.00,NULL,0.00,15.00,1.20,10.00,150.00,12.10),(358,10.10,20.00,2.60,44.00,47.00,880.00,88.00,6.55,0.43,420.00,0.01,4.00,5.10,64.00,4.80,1.70,5.10,48.00,291.00,NULL,0.00,5.00,3.90,10.00,80.00,13.50),(359,3.60,11.00,1.00,11.90,47.00,862.00,82.00,6.54,0.42,303.00,0.05,2.20,1.20,78.00,4.70,1.50,10.80,23.00,288.00,NULL,0.00,13.00,1.30,54.00,150.00,22.40),(360,8.30,52.00,0.45,4.00,56.00,850.00,95.00,6.45,0.44,450.00,0.04,3.80,2.30,50.00,3.00,2.00,11.30,25.00,257.00,NULL,0.00,10.00,1.20,50.00,160.00,15.00),(361,7.20,19.00,0.39,3.70,45.00,843.00,85.00,6.01,0.42,210.00,0.04,3.60,1.30,21.70,2.70,2.50,14.10,29.00,243.00,NULL,0.00,10.00,1.80,20.00,140.00,32.60),(362,7.90,14.00,0.17,7.30,44.00,812.00,88.00,6.50,0.49,960.00,0.20,3.40,1.00,200.00,4.80,3.20,12.00,24.00,234.00,NULL,4.00,10.00,2.00,60.00,150.00,7.00),(363,6.30,6.00,0.09,4.30,63.00,775.00,112.00,6.31,0.50,168.00,0.00,5.90,1.60,103.00,1.80,3.20,29.40,27.00,185.00,NULL,0.00,93.00,1.20,70.00,200.00,27.00),(364,11.40,13.00,0.08,8.20,97.00,775.00,153.00,6.41,0.52,208.00,0.00,0.00,1.80,119.00,0.00,3.80,12.20,19.00,221.00,NULL,0.00,55.00,1.60,100.00,150.00,38.00),(365,13.40,30.00,0.07,3.20,69.00,775.00,116.00,6.60,0.53,153.00,0.00,0.00,1.20,207.00,0.00,5.20,0.00,30.00,169.00,NULL,0.00,50.00,0.00,0.00,0.00,33.00),(366,8.80,1.60,0.10,2.60,61.00,775.00,108.00,6.00,0.48,110.00,0.00,0.00,0.00,193.00,0.00,3.20,0.00,26.00,207.00,NULL,0.00,64.00,0.00,0.00,0.00,20.00),(367,8.00,13.00,0.05,2.80,47.00,775.00,83.00,6.05,0.50,81.00,0.00,0.00,1.40,182.00,0.00,3.10,19.00,24.00,207.00,NULL,0.00,88.00,1.80,75.00,0.00,32.00),(368,8.00,3.00,0.05,2.10,52.00,775.00,102.00,6.31,0.52,43.00,0.00,6.20,1.40,210.00,2.10,5.40,28.20,20.00,206.00,NULL,0.00,100.00,1.70,80.00,250.00,0.00),(369,7.30,35.00,0.09,7.80,66.00,830.00,130.00,7.01,0.58,318.00,0.41,9.80,1.80,144.00,6.20,5.60,36.60,33.00,230.00,NULL,0.00,110.00,2.10,0.00,0.00,38.00),(370,6.50,4.30,0.07,7.00,50.00,830.00,97.00,6.24,0.52,283.00,0.37,8.70,1.60,128.00,5.50,5.00,32.60,30.00,250.00,NULL,0.00,98.00,1.90,0.00,0.00,34.00),(371,5.60,20.00,0.06,6.10,43.00,830.00,84.00,5.40,0.45,245.00,0.32,7.50,1.40,111.00,4.80,4.30,28.20,26.00,280.00,NULL,0.00,85.00,1.70,0.00,400.00,29.00),(372,6.10,40.00,0.06,10.90,55.00,830.00,108.00,6.86,0.54,139.00,0.25,2.30,1.10,115.00,1.30,4.00,16.80,19.00,250.00,NULL,0.00,77.00,1.70,0.00,0.00,32.00),(373,5.40,17.00,0.05,9.70,42.00,830.00,83.00,6.10,0.48,124.00,0.22,2.10,1.00,102.00,1.20,3.60,15.00,17.00,276.00,NULL,0.00,69.00,1.50,0.00,0.00,29.00),(374,4.70,10.00,0.04,8.40,35.00,830.00,68.00,5.28,0.41,107.00,0.19,1.80,0.90,88.00,1.10,3.10,13.00,14.00,295.00,NULL,0.00,60.00,1.30,0.00,600.00,25.00),(375,6.60,18.00,0.08,7.70,62.00,830.00,122.00,6.73,0.56,282.00,0.36,5.70,1.10,135.00,2.60,5.30,19.80,25.00,240.00,NULL,16.00,98.00,1.70,110.00,500.00,35.00),(376,5.90,16.00,0.07,6.90,46.00,830.00,91.00,5.99,0.49,251.00,0.32,5.10,1.00,120.00,2.30,4.70,17.60,22.00,265.00,NULL,14.00,87.00,1.50,100.00,0.00,31.00),(377,5.10,13.00,0.06,6.00,40.00,830.00,79.00,5.18,0.43,217.00,0.28,4.40,0.90,104.00,2.00,4.10,15.20,19.00,290.00,NULL,12.00,75.00,1.30,80.00,0.00,27.00),(378,9.10,14.00,0.06,7.11,69.00,830.00,130.00,6.68,0.63,271.00,0.18,4.50,4.80,98.00,2.40,4.10,10.00,23.00,206.00,NULL,0.00,0.00,1.60,0.00,0.00,26.00),(379,8.10,11.00,0.05,6.30,57.00,830.00,108.00,5.95,0.56,241.00,0.16,4.00,4.30,87.00,2.10,3.60,8.90,20.00,244.00,NULL,0.00,0.00,1.40,0.00,0.00,24.00),(380,7.10,10.00,0.04,5.50,50.00,830.00,95.00,5.15,0.48,209.00,0.14,3.50,3.70,76.00,1.80,3.10,7.70,18.00,275.00,NULL,0.00,0.00,1.20,0.00,0.00,20.00),(381,5.70,8.00,0.05,5.30,65.00,830.00,119.00,6.46,0.59,542.00,0.15,2.40,4.20,43.00,0.60,3.10,6.00,24.00,223.00,NULL,10.00,52.00,2.40,76.00,400.00,30.00),(382,5.10,75.00,0.04,4.70,52.00,830.00,93.00,5.76,0.53,482.00,0.13,2.10,3.80,38.00,0.50,2.70,5.30,21.00,247.00,NULL,9.00,46.00,2.20,64.00,450.00,26.00),(383,4.50,18.00,0.04,4.10,45.00,830.00,80.00,4.99,0.45,417.00,0.11,1.80,3.20,33.00,0.40,2.30,4.70,18.00,274.00,NULL,8.00,40.00,2.00,60.00,500.00,23.00),(384,10.30,15.00,0.05,10.40,135.00,830.00,255.00,6.57,0.59,293.00,0.16,7.10,2.90,115.00,3.20,3.70,11.90,16.00,226.00,NULL,0.00,0.00,1.70,0.00,0.00,38.00),(385,9.20,10.00,0.04,9.30,120.00,830.00,227.00,5.85,0.52,261.00,0.01,6.30,2.60,102.00,2.80,3.30,10.60,15.00,251.00,NULL,0.00,0.00,1.50,0.00,0.00,34.00),(386,7.90,4.00,0.04,8.00,104.00,830.00,196.00,5.06,0.45,226.00,0.12,5.50,2.30,89.00,2.50,2.80,8.60,13.00,278.00,NULL,0.00,0.00,1.40,0.00,0.00,29.00),(387,10.50,0.00,0.03,7.00,85.00,830.00,160.00,7.07,0.60,192.00,0.08,5.50,2.80,78.00,2.70,2.40,10.50,16.00,220.00,NULL,0.00,52.00,1.30,0.00,400.00,33.00),(388,9.30,12.00,0.03,6.20,64.00,830.00,120.00,6.29,0.53,171.00,0.07,4.90,2.50,69.00,2.40,2.10,9.30,15.00,245.00,NULL,0.00,46.00,1.20,0.00,0.00,29.00),(389,8.10,11.00,0.02,5.40,53.00,830.00,100.00,5.45,0.46,148.00,0.06,4.20,2.20,60.00,2.10,1.80,8.10,13.00,271.00,NULL,0.00,40.00,1.00,0.00,0.00,25.00),(390,8.10,9.00,0.03,7.70,70.00,830.00,133.00,6.82,0.57,118.00,0.17,4.80,2.50,73.00,2.50,2.20,9.20,16.00,235.00,NULL,6.00,38.00,1.00,100.00,0.00,14.00),(391,7.20,11.00,0.03,6.80,54.00,830.00,108.00,6.07,0.51,105.00,0.15,4.30,2.20,65.00,2.20,2.00,8.20,15.00,260.00,NULL,5.00,33.00,0.90,89.00,0.00,12.00),(392,6.20,10.00,0.02,5.90,47.00,830.00,89.00,5.25,0.44,91.00,0.13,3.70,2.00,56.00,1.90,1.70,7.10,13.00,290.00,NULL,4.00,28.00,0.80,77.00,500.00,11.00),(393,10.40,8.00,0.24,2.00,123.00,842.00,181.00,6.90,0.46,70.00,0.32,7.40,1.10,69.00,5.80,2.70,12.30,23.00,238.00,NULL,10.00,27.00,1.20,0.00,0.00,21.00),(394,13.90,15.00,0.11,6.50,119.00,884.00,163.00,7.20,0.49,467.00,0.30,7.10,2.20,25.00,5.20,1.70,10.60,27.00,284.00,NULL,0.00,0.00,1.80,0.00,0.00,46.00),(395,13.70,1.00,0.22,6.00,119.00,849.00,154.00,7.10,0.46,80.00,0.32,8.20,2.50,61.00,6.40,2.20,19.00,25.00,233.00,NULL,9.00,22.00,3.30,0.00,0.00,26.00),(396,13.70,150.00,0.22,6.00,119.00,849.00,154.00,7.10,0.46,80.00,0.32,8.20,2.50,61.00,6.40,2.20,19.00,25.00,233.00,NULL,9.00,22.00,3.30,0.00,0.00,26.00),(397,9.20,25.00,0.20,5.40,78.00,830.00,127.00,7.23,0.52,185.00,0.30,6.80,1.60,60.20,2.90,2.20,27.80,25.00,244.00,NULL,8.00,25.00,1.70,100.00,250.00,25.40),(398,17.00,24.00,0.20,8.20,101.00,830.00,144.00,6.72,0.44,168.00,0.30,7.30,3.00,26.40,5.50,2.20,15.60,22.00,253.00,NULL,9.00,20.00,1.80,134.00,360.00,19.10),(399,15.60,22.00,0.09,9.00,103.00,873.00,156.00,7.40,0.50,90.00,0.20,8.40,5.90,16.00,4.50,3.90,9.90,38.00,267.00,NULL,2.00,17.00,2.40,0.00,0.00,22.00),(400,10.80,17.00,0.20,7.30,99.00,830.00,146.00,7.41,0.50,578.00,0.34,6.10,1.60,37.80,4.20,2.40,16.90,25.00,242.00,NULL,9.00,20.00,4.40,128.00,310.00,21.70),(401,10.40,15.00,0.24,2.00,123.00,842.00,181.00,6.90,0.46,70.00,0.32,7.40,1.10,69.00,5.80,2.70,12.30,23.00,238.00,NULL,10.00,27.00,1.20,0.00,0.00,21.00),(402,13.90,20.00,0.11,6.50,119.00,884.00,163.00,7.20,0.49,467.00,0.30,7.10,2.20,25.00,5.20,1.70,10.60,27.00,284.00,NULL,0.00,25.00,1.80,0.00,0.00,46.00),(403,10.80,35.00,0.05,8.40,92.00,805.00,122.00,7.05,0.47,167.00,0.10,5.90,0.00,270.00,3.30,2.20,9.80,11.00,259.00,NULL,0.00,35.00,2.50,100.00,350.00,20.00),(404,8.10,23.00,0.14,3.00,66.00,775.00,105.00,6.41,0.47,195.00,0.00,6.80,0.00,288.00,3.20,3.10,5.30,23.00,290.00,NULL,0.00,30.00,2.40,0.00,0.00,0.00),(405,5.60,30.00,0.14,4.70,46.00,775.00,92.00,5.78,0.41,106.00,0.15,2.00,1.10,80.00,0.90,3.40,15.00,21.00,252.00,NULL,0.00,40.00,1.20,0.00,113.00,21.00),(406,5.00,5.00,0.08,5.00,43.00,880.00,83.00,6.80,0.50,600.00,0.20,5.00,1.30,55.00,2.10,2.20,17.00,26.00,279.00,NULL,0.00,9.00,1.40,0.00,0.00,7.20),(407,6.50,3.00,0.09,4.00,42.00,847.00,91.00,6.80,0.52,334.00,0.03,3.80,0.80,100.00,3.20,2.10,8.00,20.00,278.00,NULL,20.00,29.00,1.50,0.00,0.00,21.00),(408,4.00,11.88,0.04,6.50,41.00,775.00,72.00,6.82,0.44,223.00,0.11,0.00,1.80,81.00,0.00,2.30,9.80,17.00,263.00,NULL,0.00,42.00,1.00,1.10,0.00,23.00),(409,5.20,15.00,0.44,3.70,59.00,830.00,98.00,6.80,0.47,557.00,0.35,2.40,1.80,84.00,1.50,1.80,9.70,24.00,267.00,NULL,8.00,34.00,1.00,30.00,350.00,16.40),(410,4.40,10.00,0.48,6.00,57.00,842.00,106.00,7.30,0.58,144.00,0.44,3.50,1.60,74.00,3.60,1.50,14.80,15.00,230.00,NULL,18.00,44.00,1.60,0.00,0.00,13.00),(411,5.40,10.00,0.07,7.40,45.00,800.00,77.00,6.03,0.42,159.00,0.16,0.00,0.00,71.00,0.00,3.20,0.00,12.00,287.00,NULL,0.00,40.00,0.00,0.00,0.00,18.00),(412,4.50,9.00,0.30,4.00,55.00,859.00,91.00,7.20,0.55,81.00,0.32,2.60,3.20,46.00,1.80,1.50,26.90,21.00,251.00,NULL,15.00,27.00,0.40,0.00,0.00,74.00),(413,2.90,15.00,0.15,3.00,53.00,864.00,97.00,6.30,0.54,153.00,0.00,4.20,0.50,63.00,2.60,2.00,1.80,26.00,241.00,NULL,15.00,30.00,1.80,0.00,0.00,26.00),(414,5.70,0.20,0.08,5.70,60.00,775.00,126.00,6.18,0.47,158.00,0.12,0.00,0.00,80.00,0.00,4.10,0.00,9.00,242.00,NULL,0.00,35.00,0.00,0.00,0.00,20.00),(415,3.70,0.00,0.07,1.00,34.00,862.00,78.00,6.50,0.44,80.00,0.00,4.80,1.80,101.00,3.30,3.10,21.20,23.00,285.00,NULL,12.00,26.00,2.20,0.00,0.00,17.00),(416,5.60,5.00,0.07,3.00,44.00,722.00,83.00,6.07,0.45,79.00,0.25,0.00,1.80,51.00,0.00,3.30,21.20,15.00,208.00,NULL,0.00,55.00,2.20,0.88,0.00,31.00),(417,3.60,5.00,0.16,11.00,62.00,838.00,88.00,7.10,0.48,71.00,0.00,5.40,1.80,93.00,3.70,2.90,21.20,25.00,269.00,NULL,10.00,27.00,2.20,0.00,0.00,21.00),(418,3.50,2.00,0.02,10.90,46.00,775.00,66.00,6.25,0.49,96.00,0.19,0.00,1.30,96.00,0.00,3.30,20.00,37.00,275.00,NULL,15.00,46.00,1.50,0.88,100.00,26.00),(419,4.80,2.00,0.10,4.30,52.00,871.00,86.00,7.11,0.55,193.00,0.12,6.00,1.80,56.00,3.70,1.60,7.00,18.00,261.00,NULL,0.00,82.00,1.50,0.00,0.00,16.00),(420,4.70,1.00,0.09,2.00,40.00,873.00,84.00,6.80,0.47,84.00,0.10,2.70,1.60,115.00,2.40,2.10,23.80,24.00,278.00,NULL,14.00,21.00,1.90,0.00,0.00,12.00),(421,3.50,1.00,0.08,40.00,50.00,879.00,81.00,7.34,0.52,90.00,0.21,4.60,1.60,35.00,1.80,1.50,6.50,19.00,300.00,NULL,12.00,75.00,1.60,0.00,0.00,15.00),(422,6.00,3.00,0.20,5.00,74.00,865.00,121.00,7.40,0.57,117.00,0.20,5.50,2.50,50.00,2.50,1.60,23.50,25.00,226.00,NULL,12.00,18.00,1.10,63.00,380.00,27.00),(423,3.90,3.00,0.45,3.40,49.00,830.00,85.00,6.87,0.48,868.00,0.34,4.40,0.90,87.90,7.40,2.60,15.10,22.00,269.00,NULL,15.00,35.00,1.68,0.00,0.00,20.30),(424,5.40,2.00,0.10,7.40,48.00,775.00,78.00,6.51,0.48,145.00,0.19,107.00,0.00,132.00,1.00,2.90,0.00,13.00,278.00,NULL,0.00,90.00,0.00,0.00,0.00,25.00),(425,7.00,2.00,0.04,2.70,40.00,775.00,80.00,6.07,0.38,116.00,0.18,0.00,1.60,88.00,0.00,3.20,23.80,9.00,278.00,NULL,13.00,107.00,1.90,0.00,0.00,22.00),(426,5.50,3.00,0.06,5.60,59.00,777.00,705.00,6.64,0.54,373.00,0.22,0.00,1.50,54.00,0.00,4.30,26.00,18.00,250.00,NULL,17.00,100.00,2.00,140.00,0.00,29.00),(427,7.40,3.00,0.06,6.60,48.00,783.00,90.00,5.93,0.38,445.00,0.10,0.00,2.60,14.00,0.00,2.40,7.10,13.00,255.00,NULL,0.00,44.00,2.20,0.00,0.00,26.00),(428,4.80,3.00,0.06,3.20,56.00,775.00,101.00,6.29,0.43,148.00,0.15,4.00,1.80,74.00,2.00,3.20,12.20,22.00,256.00,NULL,10.00,27.00,1.20,66.00,350.00,16.00),(429,6.20,1.00,0.04,6.70,60.00,775.00,106.00,6.57,0.50,114.00,0.16,0.00,0.00,51.00,0.00,4.10,13.70,24.00,244.00,NULL,0.00,30.00,1.10,70.00,0.00,24.00),(430,9.00,1.00,0.06,7.00,65.00,830.00,124.00,6.73,0.59,141.00,0.19,4.20,4.70,85.00,1.70,3.90,7.70,19.00,292.00,NULL,0.00,58.00,1.40,0.00,400.00,29.00),(431,8.00,4.00,0.05,6.20,53.00,830.00,100.00,5.98,0.52,125.00,0.17,3.70,4.20,76.00,1.50,3.50,6.80,17.00,261.00,NULL,0.00,52.00,1.30,0.00,0.00,25.00),(432,7.00,2.00,0.04,5.40,43.00,830.00,82.00,5.18,0.45,109.00,0.15,3.20,3.60,66.00,1.30,3.10,5.90,14.00,290.00,NULL,0.00,45.00,1.10,0.00,0.00,22.00),(433,8.90,0.00,0.07,7.20,63.00,830.00,120.00,6.29,0.55,74.00,0.22,3.80,2.70,71.00,1.80,3.60,14.00,18.00,242.00,NULL,13.00,30.00,1.20,80.00,255.00,27.00),(434,7.90,1.00,0.06,6.40,54.00,830.00,95.00,5.60,0.49,66.00,0.19,3.40,2.50,64.00,1.60,3.20,3.60,16.00,270.00,NULL,11.00,27.00,1.10,64.00,300.00,24.00),(435,6.50,8.00,0.24,2.11,67.00,830.00,117.00,6.80,0.45,244.00,0.32,4.00,1.10,68.50,2.00,2.90,12.30,23.00,266.00,NULL,10.00,27.00,1.21,63.00,250.00,20.90),(436,5.60,5.00,0.20,2.10,51.00,830.00,91.00,6.45,0.48,166.00,0.29,3.00,1.40,132.80,1.40,1.30,13.30,21.00,237.00,NULL,12.00,29.00,1.37,78.00,300.00,21.20),(437,7.60,4.00,0.21,2.04,53.00,830.00,98.00,6.76,0.47,524.00,0.32,2.90,0.90,53.20,1.90,2.50,14.00,25.00,265.00,NULL,11.00,26.00,1.18,90.00,400.00,17.10),(438,6.20,1.00,0.28,6.00,107.00,858.00,153.00,7.70,0.52,130.00,0.18,5.70,2.60,43.00,3.00,2.80,17.50,20.00,274.00,NULL,4.70,23.00,1.80,0.00,0.00,18.00),(439,7.00,5.00,0.32,6.00,76.00,844.00,116.00,6.79,0.46,163.00,0.33,5.90,2.40,55.00,3.10,1.80,12.70,24.00,275.00,NULL,15.00,27.00,1.40,0.00,0.00,18.00),(440,6.20,1.00,0.76,4.00,47.00,826.00,93.00,6.62,0.39,106.00,0.20,3.10,1.00,41.00,2.60,2.80,14.20,20.00,274.00,NULL,13.00,26.00,1.10,0.00,0.00,27.00),(441,1.70,2.00,0.03,1.30,16.00,249.00,28.00,2.27,0.25,90.00,0.10,0.92,0.70,19.70,1.18,0.90,4.00,16.00,74.00,NULL,55.00,5.00,0.50,60.00,0.00,9.20),(442,2.30,1.00,0.03,1.70,21.00,330.00,36.00,3.00,0.31,119.80,0.14,1.20,0.90,26.00,1.60,1.20,5.00,21.00,113.00,NULL,14.00,3.00,0.70,80.00,0.00,12.20),(443,1.50,2.00,0.12,2.80,12.00,240.00,22.00,1.94,0.15,27.00,0.00,0.00,0.90,37.00,0.00,0.90,4.80,9.00,83.00,NULL,0.00,0.00,0.30,0.00,0.00,0.00),(444,1.30,2.00,0.02,1.00,12.00,190.00,21.00,1.73,0.19,69.00,0.08,0.70,0.50,15.00,0.90,0.70,2.90,12.00,65.00,NULL,8.00,2.00,0.40,46.00,0.00,7.00),(445,1.20,2.00,0.02,0.90,11.00,170.00,19.00,1.54,0.17,61.00,0.07,0.60,0.40,14.00,0.80,0.60,2.60,11.00,58.00,NULL,7.00,2.00,0.40,41.00,44.00,6.00),(446,0.90,2.00,0.01,0.70,9.00,140.00,15.00,1.24,0.14,50.00,0.06,0.50,0.40,11.00,0.60,0.50,2.10,9.00,47.00,NULL,6.00,1.00,0.30,33.00,0.00,5.00),(447,1.90,0.00,0.03,1.20,24.00,250.00,34.00,2.45,0.23,79.00,0.07,1.30,0.40,95.40,0.90,0.90,6.40,15.00,77.00,NULL,3.00,4.00,0.40,18.00,125.00,5.40),(448,2.20,8.00,0.02,1.20,28.00,250.00,38.00,2.14,0.21,52.00,0.07,1.50,0.40,57.80,0.90,1.00,5.60,14.00,80.00,NULL,3.00,4.00,0.40,62.00,80.00,6.10),(449,3.10,0.00,0.02,2.00,26.00,250.00,37.00,2.50,0.23,39.00,0.03,2.00,0.50,39.40,1.00,0.60,3.70,16.00,71.00,NULL,2.00,3.00,1.20,60.00,38.00,9.10),(450,2.50,4.00,0.04,1.30,24.00,250.00,32.00,2.11,0.20,24.00,0.07,1.30,0.34,48.30,0.80,1.50,4.90,14.00,83.00,NULL,2.00,3.00,0.35,29.00,130.00,6.80),(451,1.50,2.00,0.01,0.30,24.00,171.00,36.00,1.54,0.15,11.00,0.07,0.00,0.80,8.00,0.00,0.40,10.60,4.00,50.00,NULL,0.00,0.00,0.50,42.00,0.00,6.00),(452,2.80,0.00,0.08,0.90,15.00,172.00,23.00,1.63,0.16,43.00,0.00,0.00,1.30,4.00,0.00,0.60,4.30,10.00,43.00,NULL,0.00,0.00,0.60,0.00,0.00,3.00),(453,0.10,40.00,0.01,0.80,11.00,20.00,16.00,0.00,0.26,17.00,0.03,0.60,0.20,1.50,0.30,0.50,5.00,1.00,8.00,NULL,0.00,0.00,0.20,0.00,30.00,1.20),(454,1.60,45.00,0.04,1.40,20.00,209.00,33.00,1.76,0.16,62.00,0.03,1.30,0.20,36.00,1.00,1.00,2.40,14.00,69.00,NULL,0.00,3.00,0.50,38.00,2.00,12.00),(455,3.70,47.00,0.02,1.30,18.00,290.00,30.00,2.45,0.22,151.00,0.15,1.60,0.40,53.00,1.10,1.10,5.70,8.00,88.00,NULL,2.00,5.00,0.50,45.00,58.00,12.00),(456,3.30,38.00,0.02,1.20,13.00,260.00,21.00,2.18,0.20,134.00,0.13,1.40,0.40,48.00,1.00,1.00,5.10,7.00,98.00,NULL,2.00,4.00,0.40,40.00,58.00,11.00),(457,2.70,65.00,0.01,0.90,10.00,209.00,17.00,1.76,0.16,109.00,0.11,1.10,0.30,39.00,0.80,0.80,4.10,6.00,102.00,NULL,1.00,3.00,0.30,32.40,47.00,9.00),(458,3.80,40.00,0.04,2.10,31.00,300.00,45.00,1.65,0.22,45.00,0.06,0.80,0.50,20.00,1.00,0.70,4.30,12.00,95.00,NULL,4.00,5.00,0.40,82.00,42.00,11.00),(459,3.40,40.00,0.04,1.80,28.00,270.00,40.00,1.47,0.14,40.00,0.05,0.70,0.40,18.00,0.90,0.60,3.80,11.00,84.00,NULL,4.00,4.00,0.40,73.00,0.00,9.00),(460,2.70,36.00,0.03,1.50,22.00,220.00,32.00,1.19,0.11,32.00,0.04,0.60,0.40,15.00,0.70,0.50,3.10,9.00,68.00,NULL,3.00,3.00,0.30,59.00,0.00,8.00),(461,3.10,40.00,0.02,1.40,31.00,250.00,36.00,2.05,0.20,73.00,0.09,1.20,0.50,107.00,0.70,0.80,6.10,7.00,81.00,NULL,0.00,1.00,0.90,60.00,0.00,14.00),(462,2.70,27.00,0.02,1.20,28.00,220.00,32.00,1.80,0.18,65.00,0.08,1.10,0.40,95.00,0.60,0.70,5.40,6.00,72.00,NULL,0.00,0.00,0.80,53.00,34.00,12.00),(463,2.20,44.00,0.01,1.00,22.00,180.00,26.00,1.48,0.14,53.00,0.06,0.90,0.30,77.00,0.50,0.60,4.40,5.00,58.00,NULL,0.00,0.00,0.60,43.00,0.00,10.00),(464,2.30,53.00,0.01,1.00,7.00,196.00,14.00,1.74,0.13,36.00,0.01,1.10,0.30,8.00,1.10,0.80,4.90,14.00,90.00,NULL,0.00,0.00,0.60,38.00,60.00,10.00),(465,1.60,50.00,0.01,2.10,20.00,338.00,32.00,2.80,0.27,125.00,0.00,2.30,0.30,22.00,1.90,1.70,4.90,21.00,82.00,NULL,0.00,3.00,0.60,0.00,0.00,11.60),(466,3.10,35.00,0.02,2.00,23.00,180.00,33.00,1.68,0.19,39.00,0.03,2.60,0.50,39.00,1.80,0.70,3.70,13.00,59.00,NULL,2.00,2.00,1.20,60.00,38.00,9.00),(467,3.30,55.00,0.03,2.10,33.00,250.00,48.00,1.68,0.21,139.00,0.00,0.80,0.00,26.00,1.00,0.80,4.10,13.00,59.00,NULL,3.00,1.00,0.00,77.00,40.00,11.00),(468,2.70,40.00,0.03,3.50,25.00,250.00,37.00,2.10,0.19,70.00,0.10,0.50,0.40,12.00,0.80,0.90,6.60,9.00,76.00,NULL,2.00,1.00,0.80,50.00,85.00,5.00),(469,2.50,45.00,0.03,1.70,19.00,280.00,29.00,2.71,0.24,26.00,0.07,0.00,0.30,20.00,0.00,1.10,6.20,8.00,85.00,NULL,0.00,0.00,0.30,70.00,2.00,3.00),(470,2.20,30.00,0.03,1.50,13.00,252.00,20.00,2.44,0.22,23.00,0.06,0.00,0.30,18.00,0.00,1.00,5.60,7.00,76.00,NULL,0.00,0.00,0.30,63.00,0.00,3.00),(471,1.80,45.00,0.02,1.20,11.00,202.00,16.00,1.95,0.17,19.00,0.05,0.00,0.20,14.00,0.00,0.80,4.50,6.00,61.00,NULL,0.00,0.00,0.20,50.40,0.00,2.00),(472,2.80,0.00,0.02,1.70,29.00,300.00,48.00,2.50,0.21,43.00,0.10,0.00,0.40,28.00,0.00,1.70,2.80,9.00,84.00,NULL,0.00,0.00,0.40,40.00,3.00,13.00),(473,2.50,24.00,0.02,1.50,18.00,270.00,30.00,2.25,0.19,39.00,0.09,0.00,0.40,25.00,0.00,1.50,2.50,8.00,76.00,NULL,0.00,0.00,0.40,36.00,0.00,12.00),(474,2.00,45.00,0.01,1.20,13.00,216.00,20.00,1.80,0.15,31.00,0.07,0.00,0.30,20.00,0.00,1.20,2.00,6.00,60.00,NULL,0.00,0.00,0.30,28.80,0.00,9.00),(475,2.50,55.00,0.10,1.40,15.00,238.00,27.00,1.88,0.15,103.00,0.00,0.00,0.70,57.00,0.00,1.10,3.90,11.00,75.00,NULL,0.00,0.00,0.80,30.00,2.00,6.00),(476,2.90,30.00,0.11,1.00,18.00,320.00,32.00,2.31,0.18,26.00,0.05,0.00,0.60,12.00,0.00,1.20,4.30,6.00,86.00,NULL,0.00,0.00,0.90,48.00,4.00,4.00),(477,2.20,40.00,0.03,1.20,21.00,342.00,50.00,2.62,0.19,38.00,0.00,0.00,0.60,82.00,0.00,1.20,5.60,17.00,108.00,NULL,0.00,0.00,0.70,0.00,2.00,6.00),(478,2.50,54.00,0.02,1.60,16.00,280.00,27.00,2.32,0.20,48.00,0.12,0.00,0.50,43.00,0.00,1.00,3.00,9.00,85.00,NULL,0.00,0.00,0.70,60.00,90.00,7.50),(479,2.20,45.00,0.02,1.40,14.00,252.00,24.00,2.09,0.18,43.00,0.11,0.00,0.40,39.00,0.00,0.90,2.70,8.00,76.00,NULL,0.00,0.00,0.60,36.00,90.00,6.80),(480,1.80,28.00,0.01,1.10,11.00,202.00,19.00,1.67,0.14,34.00,0.09,0.00,0.40,31.00,0.00,0.70,2.20,6.00,61.00,NULL,0.00,0.00,0.50,30.00,90.00,5.40),(481,4.60,36.00,0.06,0.50,9.00,140.00,14.00,1.13,0.11,17.00,0.05,0.00,0.60,15.00,0.00,0.40,2.50,4.00,20.00,NULL,0.00,0.00,0.20,20.00,20.00,2.00),(482,2.20,31.00,0.12,1.80,17.00,127.00,24.00,1.20,0.10,81.00,0.60,0.00,0.40,19.00,0.00,0.40,4.40,7.00,27.00,NULL,0.00,0.00,0.70,28.00,0.00,4.00),(483,0.20,37.00,0.01,0.80,8.00,200.00,11.00,0.00,0.25,21.00,0.06,0.80,0.20,1.50,0.60,0.50,4.20,1.00,6.00,NULL,0.00,0.00,0.20,0.80,24.00,1.30),(484,1.90,28.00,0.01,2.00,24.00,250.00,32.00,0.00,0.29,29.00,0.04,0.70,0.20,9.00,0.70,0.60,5.20,4.00,23.00,NULL,0.00,0.00,0.20,7.00,41.00,4.70),(485,0.70,35.00,0.01,1.50,16.00,250.00,26.00,0.00,0.29,30.00,0.03,0.70,0.20,10.00,0.70,0.50,5.10,2.00,22.00,NULL,0.00,0.00,0.10,4.30,35.00,3.30),(486,4.20,69.00,0.04,2.30,27.00,250.00,40.00,2.26,0.20,45.00,0.05,0.80,0.50,31.40,1.00,0.90,4.30,9.00,70.00,NULL,4.00,5.00,0.40,82.00,42.00,4.00),(487,0.90,33.00,0.01,1.40,20.00,250.00,25.00,0.00,0.24,38.00,0.03,0.70,0.30,11.00,1.20,0.50,5.80,5.00,39.00,NULL,0.00,0.00,0.10,8.70,13.50,3.60),(488,1.40,46.00,0.02,1.00,14.00,250.00,25.00,2.30,0.20,61.00,0.06,0.50,0.50,4.00,0.80,0.40,2.90,10.00,75.00,NULL,8.00,6.00,0.40,46.00,50.00,5.80),(489,6.10,40.00,0.03,3.50,26.00,250.00,38.00,2.05,0.19,70.00,0.10,0.50,0.40,12.50,0.80,0.60,6.60,10.00,77.00,NULL,2.00,1.00,0.80,50.00,85.00,5.10),(490,3.60,45.00,0.10,1.50,15.00,250.00,23.00,2.10,0.18,28.00,0.11,1.10,0.90,40.40,0.80,1.60,4.80,13.00,83.00,NULL,7.00,4.00,0.30,22.00,65.00,11.40),(491,2.10,40.00,0.04,0.90,16.00,250.00,33.00,1.78,0.15,55.70,0.10,1.40,0.40,48.00,0.50,0.60,3.60,13.00,86.00,NULL,2.00,3.00,0.30,45.00,65.00,4.20),(492,2.50,45.00,0.02,0.50,19.00,280.00,29.00,2.50,0.19,152.00,0.14,0.90,0.80,38.00,1.00,1.00,4.10,8.00,85.00,NULL,3.00,4.00,0.50,60.00,0.00,12.00),(493,2.20,48.00,0.02,0.40,13.00,252.00,20.00,2.25,0.17,138.00,0.13,0.80,0.70,35.00,0.90,0.90,3.70,7.00,76.00,NULL,3.00,4.00,0.40,54.00,80.00,11.00),(494,1.80,45.00,0.01,0.40,11.00,202.00,16.00,1.80,0.14,109.00,0.10,0.60,0.60,27.00,0.70,0.70,3.00,6.00,61.00,NULL,2.00,3.00,0.40,43.00,0.00,9.00),(495,2.60,35.00,0.01,1.20,16.00,190.00,28.00,1.63,0.19,82.00,0.00,0.80,0.00,40.00,1.00,0.70,3.20,12.00,67.00,NULL,8.00,2.00,0.00,46.00,55.00,6.00),(496,2.30,55.00,0.01,1.10,14.00,170.00,25.00,1.47,0.17,74.00,0.00,0.70,0.00,36.00,0.90,0.60,2.90,11.00,60.00,NULL,7.00,2.00,0.00,42.00,0.00,6.00),(497,1.90,54.00,0.01,0.90,11.00,140.00,20.00,1.17,0.14,59.00,0.00,0.60,0.00,29.00,0.80,0.50,2.30,9.00,48.00,NULL,6.00,1.00,0.00,33.00,0.00,5.00),(498,1.60,37.00,0.02,1.70,12.00,192.00,21.00,1.70,0.14,0.00,10.00,0.90,0.00,74.00,0.80,0.80,8.90,3.00,69.00,NULL,1.00,2.00,0.00,0.00,0.00,8.00),(499,2.60,40.00,0.00,0.70,11.00,225.00,18.00,0.00,0.23,8.50,0.06,0.50,0.00,1.00,0.30,0.80,0.00,7.00,30.00,NULL,0.00,0.00,0.00,1.10,0.00,6.00),(500,2.40,28.00,0.02,2.10,33.00,283.00,44.00,2.12,0.17,225.00,0.18,0.90,0.60,130.00,1.10,0.90,3.50,7.00,118.00,NULL,2.00,1.00,0.00,0.00,42.00,12.60),(501,2.20,36.00,0.02,1.90,22.00,255.00,30.00,1.91,0.15,202.00,0.16,0.80,0.50,117.00,1.00,0.80,3.20,7.00,106.00,NULL,2.00,1.00,0.00,0.00,0.00,11.30),(502,1.70,13.00,0.01,1.50,15.00,204.00,20.00,1.53,0.12,162.00,0.13,0.60,0.40,94.00,0.70,0.60,2.50,5.00,85.00,NULL,1.00,1.00,0.00,0.00,0.00,9.10),(503,0.90,24.00,0.01,1.40,20.00,250.00,25.00,0.00,0.24,38.00,0.03,0.70,0.30,11.00,1.20,0.50,5.80,5.00,39.00,NULL,0.00,0.00,0.10,8.70,13.50,4.00),(504,0.30,34.00,0.02,1.10,11.00,230.00,19.00,0.00,0.34,59.00,0.06,0.80,0.00,6.00,0.60,0.70,4.50,0.00,18.00,NULL,0.00,0.00,0.00,0.60,30.00,5.00),(505,2.80,35.00,0.02,0.80,11.00,180.00,21.00,1.59,0.15,89.00,0.07,0.50,0.00,13.00,0.60,1.20,3.30,10.00,69.00,NULL,5.00,1.00,0.00,40.00,38.00,5.00),(506,2.50,25.00,0.02,0.70,10.00,162.00,19.00,1.43,0.13,80.00,0.06,0.50,0.00,12.00,0.50,1.10,3.00,9.00,62.00,NULL,4.00,1.00,0.00,36.00,0.00,5.00),(507,2.00,27.00,0.01,0.60,8.00,130.00,15.00,1.14,0.11,64.00,0.05,0.40,0.00,9.00,0.40,0.90,2.40,6.00,60.00,NULL,4.00,1.00,0.00,29.00,0.00,4.00),(508,2.70,19.00,0.02,1.80,18.00,235.00,34.00,2.19,0.18,97.00,0.10,1.20,0.00,47.00,1.50,0.80,3.00,9.00,77.00,NULL,6.00,3.00,0.00,47.00,45.00,7.00),(509,2.40,16.00,0.02,1.60,12.00,211.00,23.00,1.97,0.16,87.00,0.09,1.10,0.00,42.00,1.30,0.70,2.70,8.00,69.00,NULL,5.00,3.00,0.00,43.00,0.00,7.00),(510,1.90,13.00,0.01,1.30,8.00,169.00,14.00,1.58,0.13,70.00,0.07,0.90,0.00,34.00,1.10,0.60,2.10,6.00,55.00,NULL,4.00,2.00,0.00,34.00,0.00,5.00),(511,3.20,16.00,0.03,1.90,12.00,186.00,23.00,1.73,0.15,135.00,0.00,1.10,0.00,40.00,0.80,0.70,0.00,6.00,61.00,NULL,6.00,3.00,0.00,0.00,0.00,7.00),(512,0.20,53.00,0.01,0.80,8.00,200.00,11.00,0.00,0.25,21.00,0.06,0.80,0.20,2.00,0.60,0.50,4.20,1.00,6.00,NULL,0.00,0.00,0.20,0.80,24.00,1.00),(513,0.60,50.00,0.00,1.40,12.00,124.00,18.00,1.26,0.12,76.00,0.07,0.30,0.00,4.00,0.20,0.50,0.00,5.00,22.00,NULL,3.00,3.00,0.00,3.00,0.00,11.00),(514,2.60,28.00,0.02,1.20,16.00,180.00,28.00,1.47,0.15,52.00,0.07,1.40,0.40,57.00,0.90,0.70,5.60,7.00,54.00,NULL,3.00,3.00,0.40,29.00,130.00,6.00),(515,1.90,25.00,0.02,1.20,20.00,243.00,33.00,1.96,0.19,79.00,0.06,1.30,0.40,95.00,0.90,1.20,6.40,14.00,80.00,NULL,3.00,4.00,0.40,18.00,0.00,13.00),(516,1.70,20.00,0.02,1.10,18.00,219.00,30.00,1.76,0.17,71.00,0.05,1.20,0.40,85.00,0.80,1.10,5.80,12.00,72.00,NULL,3.00,4.00,0.40,16.20,112.00,11.00),(517,1.40,18.00,0.01,0.90,14.00,175.00,24.00,1.41,0.14,57.00,0.04,0.90,0.30,68.00,0.70,0.90,4.60,10.00,58.00,NULL,2.00,3.00,0.30,13.00,0.00,9.00),(518,3.30,19.00,0.02,0.90,15.00,246.00,27.00,0.00,0.21,18.00,0.07,0.60,0.00,18.00,0.40,0.40,0.00,6.00,40.00,NULL,0.00,0.00,0.00,24.00,0.00,5.00),(519,2.30,20.00,0.02,0.70,11.00,252.00,21.00,0.00,0.23,45.00,0.06,1.00,0.00,6.00,0.80,0.60,0.00,12.00,56.00,NULL,0.00,0.00,0.00,14.00,2.00,4.00),(520,3.10,45.00,0.01,0.60,15.00,220.00,25.00,0.00,0.24,14.00,0.08,0.40,0.00,8.00,0.40,0.70,0.00,6.00,28.00,NULL,0.00,0.00,0.00,9.60,0.00,5.00),(521,1.40,1.00,0.02,2.60,14.00,245.00,21.00,0.00,0.25,49.00,0.12,1.60,0.00,27.00,1.30,0.70,0.00,3.00,16.00,NULL,0.00,0.00,0.00,28.00,100.00,9.00),(522,1.20,1.00,0.02,2.50,16.00,239.00,26.00,0.00,0.29,45.00,0.12,1.20,0.00,25.00,0.90,0.70,0.00,5.00,35.00,NULL,0.00,0.00,0.00,25.00,125.00,9.00),(523,0.70,16.00,0.02,0.90,22.00,301.00,28.00,0.00,0.27,50.00,0.10,0.90,0.00,5.00,0.60,1.10,0.00,9.00,48.00,NULL,0.00,0.00,0.00,10.30,2.00,6.00),(524,0.70,15.00,0.01,1.50,16.00,250.00,26.00,0.00,0.29,30.00,0.03,0.70,0.20,10.00,0.70,0.50,4.80,2.00,22.00,NULL,0.00,0.00,0.10,4.30,35.00,3.00),(525,2.10,31.00,0.03,1.00,13.00,270.00,24.00,1.97,0.15,66.00,0.15,0.00,0.00,64.00,0.00,0.80,6.40,8.00,89.00,NULL,0.00,0.00,0.00,0.00,0.00,6.00),(526,2.50,20.00,0.02,1.90,18.00,230.00,30.00,2.13,0.18,64.00,0.18,1.00,0.50,84.00,2.30,0.80,2.30,14.00,82.00,NULL,5.00,1.00,0.90,51.00,47.00,12.00),(527,2.20,22.00,0.02,1.70,12.00,207.00,20.00,1.92,0.16,58.00,0.16,0.90,0.40,76.00,2.10,0.70,2.10,12.00,79.00,NULL,5.00,1.00,0.80,47.00,0.00,10.00),(528,1.80,42.00,0.01,1.40,10.00,166.00,16.00,1.53,0.13,46.00,0.13,0.70,0.30,61.00,1.60,0.60,1.60,10.00,69.00,NULL,3.00,1.00,0.70,37.00,0.00,8.00),(529,3.00,30.00,0.03,3.00,12.00,141.00,15.00,1.43,0.11,139.00,0.04,0.90,0.00,43.00,1.20,0.50,0.00,2.00,61.00,NULL,2.00,2.00,0.00,0.00,0.00,8.00),(530,5.70,33.00,0.02,0.60,15.00,266.00,26.00,2.53,0.21,0.00,0.00,0.00,0.00,2.00,0.00,0.60,0.00,8.00,74.00,NULL,0.00,0.00,0.00,0.00,0.00,2.00),(531,2.47,36.00,0.12,16.70,400.00,900.00,439.00,12.92,1.21,216.00,0.49,27.70,3.50,37.00,11.90,6.60,19.50,27.00,62.00,NULL,18.00,95.00,3.13,3.00,4.50,41.60),(532,1.20,36.00,0.06,11.00,188.00,878.00,229.00,10.23,0.78,110.00,0.00,12.50,1.20,35.00,6.60,0.60,17.80,23.00,117.00,NULL,0.00,0.00,0.00,0.00,0.00,67.00),(533,1.80,43.00,0.40,5.50,27.00,775.00,72.00,5.73,0.27,270.00,0.35,2.20,2.40,41.00,2.70,3.90,10.80,8.00,393.00,NULL,0.00,0.00,1.30,0.00,0.00,43.00),(534,10.20,42.00,0.43,5.50,35.00,845.00,79.00,5.07,0.20,570.00,0.35,2.20,2.40,41.00,2.70,1.50,10.80,17.00,360.00,NULL,0.00,2.00,1.30,0.00,5.00,43.00),(535,12.60,33.00,0.81,4.00,24.00,867.00,66.00,5.66,0.22,294.00,0.30,2.20,2.90,38.00,3.10,1.30,12.80,19.00,428.00,NULL,0.00,1.50,2.00,0.00,10.00,42.00),(536,8.60,21.00,0.08,0.00,36.00,775.00,100.00,5.29,0.25,90.00,0.00,2.20,2.90,38.00,3.10,0.80,12.80,5.00,325.00,NULL,0.00,0.00,2.00,0.00,0.00,0.00),(537,7.80,36.00,0.69,5.60,29.00,850.00,67.00,5.74,0.28,1260.00,0.40,1.40,2.00,82.00,1.90,2.10,9.40,17.00,367.00,NULL,0.00,2.30,1.90,0.00,7.00,32.00),(538,8.10,38.00,0.07,5.50,27.00,775.00,62.00,5.15,0.26,127.00,0.21,1.40,2.00,82.00,1.90,2.30,9.40,15.00,353.00,NULL,0.00,0.00,1.90,0.00,0.00,12.00),(539,11.20,26.00,0.15,6.30,35.00,844.00,74.00,5.66,0.30,418.00,0.38,2.40,2.20,40.00,4.00,1.40,10.20,17.00,330.00,NULL,0.00,1.50,1.50,0.00,10.00,47.00),(540,8.30,45.00,0.12,5.90,35.00,775.00,72.00,4.72,0.26,230.00,0.16,2.20,2.20,49.00,0.30,2.90,10.50,14.00,319.00,NULL,0.00,0.00,1.50,0.00,0.00,25.00),(541,5.70,30.00,0.15,3.60,28.00,845.00,59.00,5.62,0.30,940.00,0.40,1.70,1.70,87.40,1.10,2.20,11.70,17.00,330.00,NULL,0.00,2.70,1.50,0.00,8.00,39.00),(542,5.70,44.00,0.15,3.60,19.00,775.00,49.00,5.99,0.29,94.00,0.15,0.00,1.70,87.00,0.00,2.60,11.70,22.00,305.00,NULL,0.00,0.00,1.50,0.00,0.00,24.00),(543,9.60,33.00,0.87,3.00,28.00,825.00,61.00,5.51,0.29,1360.00,0.35,1.20,6.90,50.00,1.20,1.00,7.80,14.00,329.00,NULL,0.00,2.50,1.10,0.00,5.00,55.00),(544,8.70,29.00,0.05,2.30,23.00,775.00,50.00,5.47,0.28,183.00,0.00,2.90,6.90,100.00,3.10,3.40,7.80,14.00,327.00,NULL,0.00,0.00,1.10,0.00,0.00,0.00),(545,8.60,31.00,0.13,5.60,28.00,806.00,65.00,4.58,0.17,1130.00,0.40,2.50,2.50,47.00,2.90,1.80,9.60,16.00,348.00,NULL,0.00,2.00,1.20,0.00,10.00,45.00),(546,9.00,31.00,0.13,5.60,31.00,775.00,71.00,4.75,0.22,520.00,0.07,2.50,2.50,37.00,2.90,2.00,9.60,10.00,321.00,NULL,0.00,2.00,1.20,0.00,10.00,35.00),(547,8.90,25.00,0.09,1.80,18.00,775.00,40.00,4.71,0.23,120.00,0.16,2.10,1.80,76.00,2.00,3.00,11.20,14.00,336.00,NULL,0.00,3.00,1.40,0.00,0.00,25.00),(548,9.50,40.00,0.40,5.50,23.00,850.00,58.00,6.65,0.32,71.00,0.35,2.30,1.60,41.00,2.80,1.10,8.50,14.00,355.00,NULL,0.00,2.00,3.20,0.00,0.00,43.00),(549,3.40,27.00,0.70,2.90,17.00,830.00,3.90,5.38,0.31,141.00,0.44,1.80,1.10,90.00,1.10,1.00,13.90,17.00,324.00,NULL,4.40,4.00,1.70,0.00,5.00,26.00),(550,4.30,20.00,0.06,2.40,13.00,775.00,39.00,5.19,0.28,91.00,0.24,2.00,1.10,87.00,1.10,2.20,13.90,16.00,311.00,NULL,0.00,6.00,1.70,0.00,5.00,7.00),(551,8.20,31.00,0.10,4.50,30.00,775.00,63.00,5.13,0.29,98.00,0.17,2.20,0.00,119.00,3.10,2.00,0.00,12.00,317.00,NULL,0.00,1.00,0.00,0.00,0.00,24.00),(552,5.40,24.00,0.22,4.30,23.00,845.00,57.00,5.23,0.40,790.00,0.40,1.40,3.40,70.00,1.40,1.00,25.00,18.00,286.00,NULL,0.00,2.50,1.30,0.00,10.00,16.00),(553,5.30,32.00,0.03,2.50,26.00,775.00,65.00,5.58,0.42,136.00,0.27,2.40,3.40,74.00,1.40,3.10,25.00,21.00,242.00,NULL,0.00,17.00,1.30,0.00,0.00,8.00),(554,2.80,31.00,0.31,1.80,5.00,846.00,37.00,4.76,0.20,360.00,0.50,1.60,0.80,44.00,0.60,0.80,7.60,13.00,364.00,NULL,0.00,3.00,0.80,0.00,5.00,29.00),(555,2.20,28.00,0.05,1.50,7.00,775.00,29.00,4.52,0.21,61.00,0.23,1.60,0.80,58.00,0.60,1.20,7.60,10.00,330.00,NULL,0.00,2.00,0.80,0.00,5.00,9.00),(556,3.30,31.00,0.50,1.10,9.00,849.00,46.00,4.91,0.22,409.00,0.45,1.30,1.40,53.00,1.30,0.90,8.00,15.00,351.00,NULL,0.00,3.00,1.00,0.00,40.00,35.00),(557,3.30,30.00,0.05,1.00,8.00,775.00,36.00,4.91,0.22,78.00,0.20,1.30,0.00,51.00,1.30,1.60,8.00,13.00,310.00,NULL,0.00,3.00,1.00,0.00,0.00,37.00),(558,10.30,20.00,0.04,2.60,30.00,775.00,61.00,5.61,0.30,92.00,0.00,1.80,0.00,90.00,0.90,3.50,0.00,13.00,295.00,NULL,0.00,4.00,0.00,0.00,0.00,0.00),(559,5.20,37.00,0.05,4.40,10.00,775.00,43.00,3.20,0.10,0.00,0.25,1.60,0.00,64.00,1.40,2.40,0.00,11.00,367.00,NULL,0.00,0.00,0.00,0.00,0.00,15.00),(560,2.10,40.00,0.43,2.40,9.00,840.00,39.00,5.07,0.21,117.00,0.40,1.20,0.80,56.00,2.00,0.70,0.80,12.00,389.00,NULL,0.00,2.50,1.30,0.00,5.00,17.80),(561,4.80,35.00,0.09,2.20,6.00,775.00,31.00,4.66,0.22,86.00,0.25,1.20,0.00,36.00,2.00,2.20,0.80,11.00,341.00,NULL,0.00,2.00,1.30,0.00,5.00,22.00),(562,3.60,45.00,0.19,8.50,9.00,849.00,38.00,5.33,0.25,416.00,0.42,1.40,0.80,37.00,2.00,1.30,1.10,17.00,374.00,NULL,0.00,3.00,1.30,0.00,40.00,16.00),(563,3.30,40.00,0.08,1.10,6.00,775.00,31.00,4.64,0.20,121.00,0.24,1.40,1.40,53.00,2.00,0.90,1.10,11.00,349.00,NULL,0.00,3.00,1.30,0.00,0.00,35.00),(564,7.00,44.00,0.10,6.90,41.00,775.00,93.00,4.57,0.19,100.00,0.00,2.10,0.00,59.00,1.90,2.70,0.00,11.00,352.00,NULL,0.00,0.00,0.00,0.00,0.00,0.00),(565,10.50,34.00,0.40,5.70,27.00,850.00,54.00,6.48,0.38,550.00,0.03,2.10,2.50,50.00,1.90,1.60,11.30,29.00,344.00,NULL,0.00,3.00,1.90,0.00,5.00,29.00),(566,4.10,36.00,0.09,3.30,15.00,775.00,44.00,5.73,0.39,95.00,0.18,1.30,0.00,111.00,1.30,2.00,0.00,16.00,283.00,NULL,0.00,4.00,0.00,0.00,0.00,24.00),(567,3.30,35.00,0.14,3.00,13.00,830.00,49.00,5.71,0.34,373.00,0.46,1.30,1.10,52.00,1.60,0.80,12.40,19.00,331.00,NULL,0.00,2.40,1.60,0.00,10.00,20.20),(568,3.90,27.00,0.14,3.40,11.00,775.00,42.00,5.52,0.34,93.00,0.26,1.30,1.10,56.00,1.60,1.90,12.40,17.00,348.00,NULL,0.00,3.00,1.60,0.00,10.00,28.00),(569,0.00,67.00,0.00,0.00,0.00,950.00,0.00,0.00,0.00,0.00,0.00,0.00,0.00,0.00,0.00,0.00,0.00,0.00,0.00,NULL,0.00,0.00,0.00,0.00,0.00,0.00),(570,5.40,30.00,0.11,0.80,27.00,350.00,43.00,2.80,0.24,46.00,0.03,2.40,0.60,8.00,1.00,0.40,5.20,12.00,97.00,NULL,4.30,13.00,0.50,50.00,4.20,12.00),(571,3.80,20.00,0.05,1.75,26.00,205.00,37.00,1.97,0.16,56.00,0.03,2.10,0.72,8.50,1.20,0.75,5.38,6.00,54.00,NULL,2.00,17.00,0.47,40.00,2.10,21.80),(572,2.40,25.00,0.02,1.40,33.00,220.00,49.00,1.85,0.17,55.00,0.00,2.20,0.60,2.40,1.50,0.80,3.70,7.00,59.00,NULL,37.00,15.00,0.80,16.00,2.20,8.80),(573,3.00,20.00,0.05,1.60,28.00,200.00,41.00,2.20,0.17,76.00,0.00,2.10,0.60,22.80,1.40,0.80,4.00,6.00,33.00,NULL,55.00,25.00,1.60,39.00,2.00,8.90),(574,3.30,19.00,0.05,1.80,31.00,241.00,42.00,2.18,0.19,18.00,0.03,2.30,0.76,3.50,1.30,0.80,4.50,6.00,71.00,NULL,2.50,17.00,0.57,50.00,2.40,3.80),(575,3.70,31.00,0.08,2.00,27.00,235.00,39.00,1.87,0.20,99.00,0.02,1.50,0.60,16.40,0.70,0.60,2.10,8.00,61.00,NULL,4.00,12.00,0.50,0.00,2.30,11.90),(576,3.70,38.00,0.30,2.00,27.00,201.00,38.00,1.99,0.18,60.00,0.05,1.80,0.60,16.00,1.00,0.60,4.50,7.00,41.00,NULL,0.00,9.00,0.20,35.00,5.00,3.00),(577,2.90,20.00,0.40,2.20,25.00,229.00,38.00,1.87,0.15,70.00,0.05,1.60,0.80,14.00,0.90,0.90,5.80,7.00,66.00,NULL,0.00,10.00,0.70,40.00,5.00,3.30),(578,3.10,24.00,0.02,1.70,29.00,216.00,41.00,2.13,0.19,36.00,0.05,1.90,0.80,9.80,1.10,0.80,3.30,7.00,50.00,NULL,0.00,10.00,0.60,40.00,5.00,3.60),(579,1.90,31.00,0.31,0.80,31.00,200.00,43.00,2.15,0.19,60.00,0.00,1.90,0.40,51.20,1.00,0.50,2.80,6.00,57.00,NULL,5.00,13.00,0.90,45.00,2.00,8.90),(580,4.50,40.00,0.05,2.60,38.00,250.00,50.00,1.75,0.22,34.00,0.02,1.90,0.60,8.30,1.10,0.70,5.30,7.00,68.00,NULL,3.00,14.00,1.00,50.00,2.50,6.10),(581,5.50,27.00,0.05,2.20,39.00,231.00,50.00,2.13,0.18,96.00,0.02,2.20,0.70,13.60,1.20,0.60,5.30,9.00,57.00,NULL,0.00,14.00,1.40,50.00,5.00,5.60),(582,4.70,18.00,0.09,2.80,40.00,280.00,53.00,2.56,0.21,117.00,0.02,2.20,0.70,5.30,2.00,0.70,5.30,8.00,81.00,NULL,0.00,15.00,1.40,50.00,5.00,6.80),(583,2.80,21.00,0.09,0.60,26.00,311.00,39.00,2.93,0.24,37.00,0.07,1.70,1.20,21.80,1.10,1.30,4.10,10.00,86.00,NULL,6.30,24.00,0.70,70.00,3.20,8.80),(584,2.40,48.00,0.20,1.10,28.00,348.00,48.00,2.91,0.24,40.00,0.09,2.30,0.50,13.50,0.90,0.80,6.30,11.00,105.00,NULL,7.50,24.00,0.50,55.00,3.40,1.70),(585,3.10,140.00,0.02,1.70,20.00,170.00,29.00,1.64,0.17,43.00,0.10,1.60,0.40,28.00,1.30,1.20,2.80,8.00,37.00,NULL,7.00,14.00,0.40,40.00,3.00,13.00),(586,2.80,180.00,0.20,1.00,25.00,335.00,40.00,3.00,0.20,19.00,0.04,1.80,0.80,54.00,1.90,0.60,3.00,10.00,102.00,NULL,8.40,22.00,0.60,48.00,3.80,17.00),(587,3.50,185.00,0.03,2.00,26.00,307.00,42.00,2.80,0.24,26.00,0.02,1.40,0.60,0.20,1.20,0.90,5.50,9.00,95.00,NULL,4.80,24.00,0.30,42.00,4.00,40.00),(588,3.20,204.00,0.03,2.00,27.00,235.00,41.00,1.80,0.17,26.00,0.02,2.10,0.60,6.00,2.20,0.60,5.40,5.00,73.00,NULL,4.00,12.00,0.40,40.00,2.30,6.00),(589,1.10,210.00,0.01,0.90,26.50,142.60,30.90,1.67,0.13,41.10,0.00,0.70,0.50,6.90,1.00,0.70,5.70,6.60,30.50,NULL,0.00,0.00,1.20,0.00,0.00,4.20),(590,1.80,190.00,0.01,0.80,16.00,88.30,18.90,0.91,0.08,40.90,0.00,0.50,0.60,4.60,0.60,0.90,6.20,4.80,19.60,NULL,0.50,1.10,1.10,0.00,0.00,2.90),(591,2.40,200.00,0.03,2.80,20.00,255.00,33.00,2.50,0.19,22.00,0.24,0.80,1.90,36.00,1.40,1.80,3.40,10.00,81.00,NULL,5.70,19.00,0.90,0.00,0.00,76.00),(592,2.80,180.00,0.03,1.80,25.00,335.00,40.00,2.29,0.24,47.00,0.24,1.90,0.70,36.00,1.40,0.90,5.80,10.00,102.00,NULL,6.60,24.00,0.80,55.00,3.30,6.80),(593,1.90,160.00,0.60,1.00,36.00,376.00,48.00,3.70,0.32,50.00,0.03,2.30,0.40,55.00,0.80,1.50,4.60,12.00,109.00,NULL,6.50,19.10,0.80,0.00,0.00,5.00),(594,1.10,170.00,0.05,1.20,14.00,312.00,23.00,2.61,0.21,14.00,0.07,1.20,0.40,19.00,0.70,0.70,6.90,7.00,113.00,NULL,6.20,14.00,0.60,40.00,3.10,3.20),(595,1.14,150.00,0.08,1.30,21.00,312.00,33.00,2.95,0.23,14.00,0.02,1.70,0.40,21.40,0.80,0.71,6.90,12.00,111.00,NULL,4.50,22.00,0.63,45.00,3.10,3.80),(596,1.30,200.00,0.16,0.50,20.00,306.00,33.00,2.72,0.22,20.00,0.01,1.90,0.35,23.00,1.10,0.76,0.51,9.00,99.00,NULL,3.50,24.00,1.78,40.00,3.10,3.90),(597,1.00,120.00,0.10,2.00,25.00,248.00,42.00,2.36,0.23,55.00,0.03,1.30,0.50,17.40,1.10,0.30,2.00,6.00,60.00,NULL,0.00,20.00,1.00,40.00,3.00,7.10),(598,1.50,0.00,0.02,3.60,25.00,268.00,38.00,2.21,0.20,48.00,0.01,1.20,0.30,56.00,1.10,0.90,3.80,9.00,61.00,NULL,0.00,25.00,0.50,50.00,4.00,4.40),(599,1.20,0.00,0.03,0.50,15.00,200.00,25.00,1.60,0.15,66.00,0.01,0.90,0.20,5.70,0.50,0.80,6.20,6.00,62.00,NULL,4.10,21.00,0.30,49.00,2.30,2.90),(600,0.60,3.00,0.01,0.10,21.00,200.00,31.00,2.05,0.19,70.00,0.01,1.00,1.20,5.80,1.10,0.80,2.40,8.00,58.00,NULL,3.80,14.00,0.80,38.00,2.20,6.90),(601,1.10,0.00,0.30,3.80,14.00,200.00,20.00,2.12,0.20,32.00,0.00,0.60,0.60,5.90,0.60,0.40,3.20,4.00,60.00,NULL,4.50,18.00,0.70,45.00,2.40,4.60),(602,1.30,0.00,0.26,1.20,18.00,379.00,31.00,3.26,0.25,88.00,0.04,1.80,0.60,27.00,0.90,0.70,5.70,10.00,128.00,NULL,5.50,25.00,0.60,30.00,3.80,4.10),(603,1.20,1.00,0.16,1.30,30.00,228.00,43.00,2.16,0.18,28.00,0.06,1.70,0.30,14.00,0.80,1.00,6.10,8.00,59.00,NULL,4.80,23.00,0.70,0.00,2.30,23.00),(604,2.00,2.00,0.16,1.00,26.00,179.00,33.00,1.82,0.15,98.00,0.04,2.00,0.80,20.10,1.30,1.10,4.30,7.00,52.00,NULL,0.00,27.00,0.80,50.00,5.00,7.70),(605,4.50,46.00,0.09,1.50,18.00,200.00,27.00,1.98,0.19,77.00,0.01,2.20,0.50,11.30,1.40,0.50,3.80,8.00,58.00,NULL,2.50,27.00,1.00,45.00,4.30,7.20),(606,2.00,40.00,0.16,1.00,24.00,200.00,34.00,1.58,0.18,47.00,0.04,2.00,0.70,20.70,1.30,1.10,4.30,7.00,58.00,NULL,2.30,23.00,0.70,20.00,2.60,3.20),(607,1.50,45.00,0.70,1.40,24.00,235.00,55.00,2.24,0.19,36.00,0.04,1.70,0.90,25.00,1.20,0.80,3.50,7.00,65.00,NULL,0.00,26.00,0.80,55.00,5.00,8.80),(608,3.60,40.00,0.80,1.30,24.00,146.00,32.00,1.46,0.11,35.00,0.04,1.70,0.80,7.00,0.90,0.60,5.50,5.00,37.00,NULL,0.00,23.00,0.70,60.00,5.00,10.40),(609,1.80,45.00,0.19,0.90,25.00,200.00,35.00,1.90,0.16,168.00,0.05,1.10,0.40,18.50,1.10,1.00,3.20,7.00,52.00,NULL,2.50,32.00,0.50,55.00,4.60,3.20),(610,2.50,48.00,0.40,5.40,23.00,217.00,35.00,2.24,0.21,70.00,0.04,1.90,0.40,37.00,0.90,0.40,4.00,10.00,54.00,NULL,0.00,28.00,0.50,50.00,5.00,15.00),(611,1.70,45.00,0.01,2.10,21.00,217.00,33.00,2.20,0.20,20.00,0.00,1.90,0.50,9.20,0.50,1.20,4.80,7.00,55.00,NULL,0.00,25.00,1.00,0.00,0.00,6.50),(612,1.80,35.00,0.20,1.20,25.00,219.00,39.00,2.02,0.18,26.00,0.04,1.40,0.40,20.00,0.90,0.50,3.40,9.00,52.00,NULL,0.00,20.00,2.00,50.00,5.00,8.20),(613,1.00,55.00,1.30,6.40,28.00,251.00,43.00,2.19,0.19,47.00,0.03,2.00,0.60,49.00,3.20,0.60,5.60,8.00,70.00,NULL,0.00,22.00,0.80,50.00,5.00,6.10),(614,2.60,54.00,0.40,2.20,23.00,205.00,38.00,1.80,0.15,73.00,0.05,1.50,0.80,45.00,1.00,0.80,1.40,9.00,54.00,NULL,0.00,21.00,0.40,70.00,4.00,28.00),(615,1.80,37.00,0.19,1.40,18.00,200.00,30.00,1.84,0.16,42.00,0.05,1.30,0.30,32.90,1.00,0.60,3.10,7.00,59.00,NULL,2.40,27.00,0.30,38.00,3.70,6.80),(616,1.20,40.00,0.14,1.20,19.00,184.00,30.00,1.70,0.14,20.00,0.02,1.50,0.20,22.00,1.00,0.70,2.90,7.00,58.00,NULL,0.00,41.00,0.20,65.00,4.00,6.00),(617,2.00,28.00,0.04,1.20,26.00,132.00,37.00,1.28,0.14,19.00,0.07,2.50,0.70,18.00,1.40,0.50,5.40,4.00,27.00,NULL,2.00,17.00,0.50,40.00,2.00,6.00),(618,2.20,36.00,0.02,1.40,28.00,141.00,37.00,1.36,0.10,55.00,0.00,1.60,0.60,2.00,1.00,1.00,3.70,4.00,40.00,NULL,3.00,6.00,0.80,16.00,2.00,9.00),(619,4.40,13.00,0.00,1.20,38.00,300.00,50.00,1.76,0.20,56.00,0.00,3.70,0.60,0.00,1.50,1.00,3.40,6.00,103.00,NULL,5.00,20.00,0.80,0.00,3.00,0.00),(620,3.00,24.00,0.02,0.90,36.00,262.00,48.00,1.45,0.15,24.00,0.06,2.70,0.60,10.00,1.20,0.70,3.60,8.00,80.00,NULL,4.00,10.00,0.80,0.00,3.00,9.00),(621,3.00,34.00,0.01,1.30,20.00,108.00,28.00,0.94,0.08,13.00,0.05,1.50,0.60,20.00,1.30,0.60,4.50,3.00,34.00,NULL,4.00,13.00,1.70,36.00,2.00,9.00),(622,3.20,35.00,0.02,1.00,17.00,126.00,24.00,1.11,0.11,14.00,0.07,1.60,0.60,23.00,0.90,0.70,4.00,5.00,33.00,NULL,6.00,16.00,1.60,39.00,2.00,9.00),(623,3.30,25.00,0.03,1.40,27.00,214.00,44.00,1.78,0.15,36.00,0.10,2.30,0.80,15.00,1.30,0.60,4.50,10.00,50.00,NULL,2.00,17.00,0.60,50.00,2.00,5.00),(624,3.60,27.00,0.02,2.00,30.00,204.00,42.00,2.13,0.20,16.00,0.08,2.00,0.20,14.00,0.20,1.00,5.80,10.00,42.00,NULL,2.00,16.00,0.20,36.00,2.00,9.00),(625,4.00,19.00,0.02,1.90,27.00,227.00,37.00,2.36,0.21,18.00,0.05,2.40,0.20,16.00,1.00,1.00,5.80,9.00,56.00,NULL,4.00,23.00,0.20,40.00,2.00,9.00),(626,2.00,16.00,0.02,1.00,27.00,137.00,36.00,1.38,0.12,16.00,0.04,1.90,0.40,52.00,1.50,0.60,2.80,4.00,45.00,NULL,3.00,14.00,1.40,44.00,2.00,9.00),(627,2.80,13.00,0.03,0.90,25.00,164.00,34.00,1.68,0.16,28.00,0.07,1.40,0.40,42.00,1.40,0.60,2.80,4.00,56.00,NULL,10.00,9.00,0.90,0.00,0.00,6.00),(628,2.50,16.00,0.03,0.90,25.00,156.00,33.00,1.55,0.13,18.00,0.06,1.60,0.40,46.00,0.90,0.50,2.80,3.00,54.00,NULL,5.00,22.00,0.90,45.00,2.00,9.00),(629,5.50,53.00,0.05,2.20,39.00,231.00,50.00,2.13,0.18,96.00,0.02,2.20,0.70,14.00,1.20,0.60,5.30,90.00,57.00,NULL,3.00,14.00,1.40,50.00,5.00,6.00),(630,4.70,50.00,0.09,2.80,40.00,280.00,53.00,2.56,0.21,117.00,0.02,1.70,0.70,6.00,0.70,0.70,5.30,8.00,81.00,NULL,5.00,15.00,1.40,50.00,5.00,7.00),(631,2.80,28.00,0.04,1.40,18.00,190.00,32.00,1.57,0.14,22.00,0.05,2.40,0.60,20.00,1.80,0.80,4.20,6.00,54.00,NULL,4.00,12.00,0.70,40.00,4.00,8.00),(632,3.40,25.00,0.00,0.00,27.00,192.00,34.00,1.88,0.20,0.00,0.00,1.70,0.00,0.00,1.20,1.20,0.00,8.00,59.00,NULL,6.00,33.00,0.00,0.00,0.00,0.00),(633,2.20,20.00,0.04,0.90,18.00,128.00,28.00,1.03,0.09,23.00,0.11,2.40,0.40,32.00,1.40,1.10,3.70,4.00,38.00,NULL,7.00,12.00,0.40,42.00,5.00,8.00),(634,3.00,18.00,0.05,1.20,23.00,188.00,32.00,1.59,0.12,43.00,0.11,0.00,0.00,53.00,0.00,0.70,3.70,9.00,61.00,NULL,0.00,0.00,0.40,0.00,0.00,10.00),(635,1.20,19.00,0.01,2.00,28.00,222.00,44.00,1.99,0.20,55.00,0.06,1.60,0.50,62.00,1.50,0.40,7.00,3.00,55.00,NULL,5.00,38.00,0.70,40.00,2.00,7.00),(636,1.30,20.00,0.01,1.90,19.00,231.00,33.00,1.82,0.22,45.00,0.05,1.20,0.40,40.00,1.80,0.90,3.40,9.00,64.00,NULL,0.00,43.00,0.90,0.00,0.00,7.00),(637,2.40,45.00,0.04,2.10,16.00,257.00,27.00,2.04,0.17,33.00,0.06,1.40,0.50,12.00,1.20,0.80,7.70,4.00,94.00,NULL,0.00,42.00,0.30,0.00,0.00,7.00),(638,1.90,1.00,0.71,1.20,23.00,374.00,37.00,4.34,0.47,95.00,0.13,1.60,0.40,9.00,0.80,1.70,5.00,15.00,36.00,NULL,0.00,48.00,0.50,20.00,5.00,5.00),(639,1.70,1.00,0.03,0.90,17.00,248.00,28.00,2.88,0.29,90.00,0.09,1.00,0.40,5.00,0.60,1.70,4.00,8.00,35.00,NULL,0.00,47.00,0.50,17.00,5.00,5.00),(640,1.20,16.00,0.03,1.70,12.00,139.00,18.00,1.34,0.13,48.00,0.05,0.30,0.30,13.00,0.30,0.50,4.70,5.00,40.00,NULL,0.00,5.00,0.40,0.00,0.00,4.00),(641,1.20,15.00,0.02,1.10,12.00,140.00,19.00,1.33,0.15,66.00,0.06,0.50,0.30,15.00,0.70,0.50,3.50,4.00,41.00,NULL,0.00,28.00,0.30,0.00,0.00,5.00),(642,1.40,31.00,0.01,0.60,16.00,192.00,23.00,1.64,0.15,65.00,0.03,1.40,0.30,8.00,1.00,0.70,3.20,5.00,58.00,NULL,0.00,33.00,0.40,26.00,3.00,3.00),(643,1.70,20.00,0.02,1.40,17.00,289.00,30.00,2.42,0.21,101.00,0.12,2.30,0.60,36.00,1.90,1.40,6.70,6.00,106.00,NULL,0.00,28.00,0.00,0.00,0.00,7.00),(644,1.60,22.00,0.02,1.10,18.00,257.00,25.00,2.26,0.19,43.00,0.05,1.80,0.50,25.00,1.40,0.90,4.60,5.00,86.00,NULL,20.00,28.00,0.00,0.00,0.00,6.00),(645,1.80,42.00,0.03,1.10,15.00,226.00,25.00,1.93,0.15,24.00,0.13,1.10,0.30,52.00,1.10,0.80,0.50,5.00,90.00,NULL,0.00,40.00,1.80,0.00,0.00,5.00),(646,1.90,30.00,0.03,1.10,16.00,260.00,32.00,2.31,0.20,24.00,0.13,1.10,0.40,52.00,1.80,0.80,0.50,8.00,102.00,NULL,4.00,40.00,1.80,40.00,5.00,5.00),(647,2.00,33.00,0.01,0.90,23.00,284.00,35.00,2.37,0.21,75.00,0.26,0.90,0.30,12.00,0.60,0.90,4.50,6.00,102.00,NULL,1.00,33.00,0.50,0.00,0.00,10.00),(648,1.50,36.00,0.02,3.60,25.00,268.00,38.00,2.21,0.20,48.00,0.01,1.20,0.30,56.00,1.10,0.90,3.80,9.00,61.00,NULL,2.00,25.00,0.50,50.00,4.00,4.00),(649,2.30,36.00,0.03,1.70,20.00,250.00,33.00,2.33,0.20,26.00,0.07,0.90,0.30,20.00,0.50,0.90,6.20,9.00,74.00,NULL,4.00,35.00,0.30,70.00,2.00,3.00),(650,1.20,43.00,0.02,1.10,16.00,150.00,23.00,1.41,0.13,56.00,0.04,1.10,0.20,9.00,1.10,0.90,2.40,7.00,42.00,NULL,4.00,11.00,0.50,38.00,2.00,4.00),(651,1.80,42.00,0.02,1.10,19.00,180.00,27.00,1.77,0.16,59.00,0.04,1.30,0.30,9.00,1.40,1.30,4.90,7.00,55.00,NULL,5.00,11.00,0.60,0.00,0.00,4.00),(652,2.30,33.00,0.13,1.60,24.00,232.00,32.00,2.24,0.21,42.00,0.00,2.90,1.00,6.00,1.00,0.70,4.20,7.00,64.00,NULL,2.00,36.00,0.80,55.00,4.00,4.00),(653,2.00,21.00,0.02,2.60,12.00,338.00,22.00,2.79,0.23,60.00,0.11,1.80,0.50,25.00,1.50,1.20,4.40,8.00,120.00,NULL,6.00,49.00,0.60,0.00,0.00,5.00),(654,1.70,36.00,0.02,2.20,18.00,247.00,32.00,2.12,0.18,83.00,0.08,1.50,0.30,30.00,1.00,0.90,5.20,5.00,86.00,NULL,5.00,37.00,0.50,25.00,4.00,8.00),(655,1.10,38.00,0.01,0.90,21.00,150.00,30.00,1.40,0.13,36.00,0.07,1.50,0.00,19.00,1.20,0.60,5.00,5.00,49.00,NULL,0.00,0.00,0.50,12.00,1.00,8.00),(656,1.20,26.00,0.01,0.60,19.00,207.00,28.00,1.86,0.15,37.00,0.07,2.10,0.60,6.00,1.20,0.60,4.80,7.00,60.00,NULL,6.00,24.00,0.50,0.00,0.00,8.00),(657,4.50,45.00,0.04,1.40,22.00,290.00,36.00,2.50,0.20,16.00,0.01,2.00,0.50,25.00,0.80,0.40,3.50,10.00,81.00,NULL,4.00,11.00,1.00,60.00,3.00,6.00),(658,2.70,30.00,0.11,1.00,15.00,337.00,30.00,2.60,0.19,26.00,0.05,0.90,0.60,12.00,0.40,0.90,4.30,12.00,83.00,NULL,10.00,28.00,0.90,48.00,4.00,4.00),(659,4.00,44.00,0.03,1.20,20.00,230.00,41.00,2.04,0.16,20.00,0.04,1.80,0.70,40.00,1.30,1.20,4.60,7.00,46.00,NULL,8.00,22.00,0.60,60.00,4.00,5.00),(660,2.40,33.00,0.02,2.40,15.00,180.00,25.00,1.65,0.18,42.00,0.09,1.50,0.40,45.00,1.60,1.30,2.50,8.00,44.00,NULL,6.00,28.00,0.70,36.00,2.00,7.00),(661,3.00,29.00,0.01,1.50,20.00,210.00,35.00,1.91,0.17,45.00,0.09,1.20,0.40,30.00,1.10,1.10,2.70,8.00,45.00,NULL,5.00,18.00,0.60,30.00,2.00,7.00),(662,3.60,31.00,0.03,3.50,20.00,235.00,30.00,2.20,0.21,98.00,0.09,1.90,0.70,55.00,1.30,0.80,3.70,8.00,61.00,NULL,4.00,26.00,0.70,31.00,2.00,7.00),(663,2.50,31.00,0.02,1.60,23.00,240.00,37.00,2.18,0.20,47.70,0.12,2.00,0.70,44.00,1.20,1.40,3.00,12.00,50.00,NULL,8.00,27.00,0.70,36.00,3.00,8.00),(664,3.90,25.00,0.01,4.40,14.00,237.00,27.00,2.08,0.17,36.00,0.03,1.70,0.70,82.00,1.50,0.90,3.90,7.00,90.00,NULL,8.00,25.00,0.80,50.00,3.00,6.00),(665,2.60,40.00,0.04,1.60,19.00,316.00,30.00,2.32,0.18,23.00,0.06,1.60,0.90,36.00,1.20,1.30,4.60,13.00,85.00,NULL,6.00,29.00,0.50,30.00,4.00,10.00),(666,3.60,27.00,0.05,3.00,23.00,242.00,34.00,2.26,0.21,90.00,0.09,1.70,1.10,19.00,1.70,1.20,3.70,8.00,68.00,NULL,10.00,33.00,0.90,35.00,4.00,11.00),(667,3.10,20.00,0.04,2.60,19.00,233.00,37.00,2.11,0.20,82.00,0.14,1.70,1.00,18.00,1.30,0.60,4.60,4.00,68.00,NULL,8.00,31.00,0.50,27.00,4.00,6.00),(668,2.90,31.00,0.04,3.40,22.00,207.00,32.00,1.80,0.20,87.00,0.31,1.70,0.60,39.00,0.80,0.90,2.80,6.00,57.00,NULL,6.00,27.00,0.80,32.00,3.00,14.00),(669,2.90,24.00,0.05,2.80,23.00,230.00,36.00,2.02,0.21,68.00,0.08,1.60,0.70,22.00,1.20,0.80,3.60,4.00,65.00,NULL,7.00,29.00,0.70,40.00,3.00,7.00),(670,3.00,32.00,0.04,2.60,21.00,217.00,31.00,1.94,0.18,73.00,0.59,0.00,0.90,47.00,0.00,1.10,4.70,4.00,66.00,NULL,6.00,30.00,1.10,32.00,4.00,11.00),(671,3.10,31.00,0.04,1.70,24.00,294.00,36.00,2.58,0.21,54.00,0.92,1.80,0.50,19.00,1.90,0.70,3.90,5.00,93.00,NULL,10.00,35.00,1.00,36.00,4.00,14.00),(672,2.90,28.00,0.05,1.50,22.00,226.00,32.00,2.03,0.19,88.00,0.10,0.00,1.00,57.00,0.00,1.00,3.20,3.00,65.00,NULL,8.00,33.00,0.60,45.00,3.00,18.00),(673,3.00,31.00,0.02,2.80,23.00,320.00,34.00,2.88,0.21,120.00,0.18,1.70,0.90,44.00,1.00,1.30,1.90,12.00,89.00,NULL,10.00,34.00,0.90,42.00,4.00,8.00),(674,3.10,30.00,0.02,3.90,27.00,261.00,40.00,2.84,0.22,19.00,0.06,0.00,0.60,29.00,0.00,1.20,2.60,3.00,75.00,NULL,9.00,26.00,1.00,30.00,3.00,7.00),(675,2.40,20.00,0.02,2.00,18.00,246.00,26.00,2.34,0.20,35.00,0.09,1.40,1.00,28.00,1.40,1.00,6.00,5.00,77.00,NULL,5.00,29.00,1.40,24.00,3.00,10.00),(676,3.40,37.00,0.02,1.90,25.00,240.00,35.00,2.26,0.21,75.00,0.11,1.80,1.10,26.00,1.40,1.10,5.80,6.00,35.00,NULL,6.00,34.00,1.30,25.00,4.00,9.00),(677,3.10,40.00,0.02,1.70,20.00,170.00,29.00,1.64,0.17,43.00,0.10,1.60,0.40,28.00,1.30,1.20,2.80,8.00,37.00,NULL,7.00,14.00,0.40,40.00,3.00,13.00),(678,3.20,35.00,0.03,2.20,23.00,210.00,32.00,2.05,0.20,59.00,0.16,1.70,0.50,33.00,1.50,1.30,3.00,10.00,41.00,NULL,9.00,23.00,0.50,45.00,4.00,8.00),(679,1.20,45.00,0.01,1.50,18.00,170.00,28.00,1.52,0.15,40.00,0.15,1.50,0.30,30.00,1.20,0.70,2.70,7.00,38.00,NULL,7.00,15.00,0.30,35.00,3.00,14.00),(680,2.10,40.00,0.02,1.50,20.00,190.00,31.00,1.72,0.17,50.00,0.13,1.60,0.50,26.00,1.30,1.20,2.90,9.00,42.00,NULL,8.00,25.00,0.50,47.00,4.00,10.00),(681,2.60,44.00,0.02,1.70,19.00,170.00,29.00,1.56,0.15,43.00,0.10,1.60,0.40,28.00,1.30,0.80,2.80,8.00,38.00,NULL,7.00,14.00,0.40,40.00,3.00,13.00),(682,3.60,34.00,0.03,2.20,23.00,210.00,35.00,1.95,0.19,59.00,0.16,1.70,0.50,33.00,1.50,1.50,3.00,10.00,41.00,NULL,9.00,23.00,0.50,45.00,4.00,8.00),(683,1.00,36.00,0.01,0.90,19.00,180.00,32.00,1.57,0.14,43.00,0.08,1.60,0.40,31.00,1.20,0.80,3.60,5.00,50.00,NULL,7.00,25.00,0.40,40.00,3.00,3.00),(684,3.00,35.00,0.01,1.60,22.00,230.00,34.00,2.20,0.20,58.00,0.10,1.60,0.50,36.00,1.30,1.70,3.00,10.00,40.00,NULL,8.00,26.00,0.50,45.00,4.00,8.00),(685,3.20,27.00,0.02,1.30,16.00,200.00,28.00,1.87,0.20,40.00,0.08,1.50,0.80,46.00,0.60,1.10,3.40,9.00,49.00,NULL,8.00,25.00,0.90,40.00,0.00,7.00),(686,1.50,67.00,0.03,1.20,15.00,197.00,29.00,1.71,0.14,38.00,0.01,0.90,0.60,82.00,0.40,0.70,5.60,9.00,53.00,NULL,4.00,31.00,0.70,33.00,2.00,6.00),(687,3.50,30.00,0.02,1.40,21.00,220.00,35.00,1.88,0.18,21.00,0.06,1.70,0.30,21.00,0.90,0.60,3.10,9.00,82.00,NULL,2.00,30.00,0.30,38.00,4.00,7.00),(688,3.60,20.00,0.02,1.40,22.00,238.00,35.00,2.04,0.20,23.00,0.09,1.80,0.30,17.00,1.10,0.80,3.00,9.00,89.00,NULL,2.00,30.00,0.30,0.00,0.00,5.00),(689,2.50,25.00,0.02,1.50,16.00,128.00,23.00,1.14,0.12,24.00,0.05,1.20,0.00,34.00,1.00,0.50,2.40,3.00,37.00,NULL,3.00,28.00,0.00,0.00,0.00,8.00),(690,2.20,20.00,0.02,3.50,17.00,142.00,27.00,1.30,0.13,53.00,0.05,1.50,0.20,49.00,0.80,0.60,2.50,3.00,39.00,NULL,5.00,30.00,0.90,47.00,2.00,7.00),(691,1.90,19.00,0.02,4.40,20.00,174.00,29.00,1.56,0.14,69.00,0.05,1.20,0.00,88.00,0.70,0.70,0.00,3.00,55.00,NULL,5.00,13.00,0.00,0.00,3.00,9.00),(692,1.20,31.00,0.01,1.10,22.00,136.00,34.00,1.35,0.12,24.00,0.04,1.50,0.40,13.00,0.80,0.60,3.10,5.00,45.00,NULL,2.00,26.00,0.80,42.00,3.00,7.00),(693,1.60,38.00,0.02,1.00,18.00,137.00,23.00,1.26,0.11,26.00,0.04,1.20,0.90,22.00,1.20,1.10,4.90,2.00,38.00,NULL,0.00,16.00,0.50,0.00,0.00,7.00),(694,1.60,20.00,0.02,1.10,18.00,189.00,26.00,1.72,0.17,35.00,0.03,1.50,0.20,33.00,1.20,1.20,3.00,5.00,60.00,NULL,4.00,25.00,0.20,0.00,0.00,8.00),(695,1.70,24.00,0.02,1.00,16.00,160.00,23.00,1.51,0.14,26.00,0.03,1.60,0.40,22.00,1.30,1.00,4.30,5.00,46.00,NULL,2.00,26.00,0.30,45.00,3.00,7.00),(696,2.70,31.00,0.08,1.60,21.00,200.00,30.00,1.98,0.19,20.00,0.04,2.20,0.50,22.00,1.40,0.60,3.80,8.00,58.00,NULL,2.00,27.00,1.00,45.00,4.00,8.00),(697,3.60,40.00,0.08,1.30,24.00,146.00,32.00,1.46,0.11,35.00,0.04,1.70,0.80,7.00,0.90,0.60,5.50,5.00,37.00,NULL,3.00,23.00,0.70,60.00,5.00,10.00),(698,1.60,27.00,0.02,0.50,14.00,90.00,19.00,0.80,0.08,20.00,0.04,1.60,0.60,20.00,0.90,0.70,3.20,4.00,24.00,NULL,1.00,25.00,0.70,45.00,5.00,7.00),(699,2.10,18.00,0.01,1.40,21.00,195.00,30.00,1.80,0.18,60.00,0.08,1.80,0.00,61.00,0.90,0.90,5.60,7.00,53.00,NULL,0.00,40.00,0.00,0.00,0.00,13.00),(700,2.30,21.00,0.02,1.00,19.00,149.00,26.00,1.70,0.13,20.00,0.06,1.70,0.40,24.00,1.00,0.80,3.30,3.00,44.00,NULL,3.00,28.00,0.00,0.00,0.00,11.00),(701,2.50,48.00,0.04,1.40,23.00,217.00,35.00,2.24,0.21,70.00,0.04,1.90,0.40,37.00,0.90,0.40,0.50,10.00,54.00,NULL,3.00,28.00,0.50,50.00,5.00,15.00),(702,13.30,140.00,0.26,3.20,106.00,900.00,165.00,8.00,0.66,257.00,0.36,6.20,3.20,70.50,5.60,3.00,13.40,33.00,244.00,NULL,27.00,70.00,1.30,80.00,80.00,24.00),(703,16.10,180.00,0.07,4.40,85.00,832.00,140.00,7.44,0.63,266.00,0.26,8.00,0.00,102.40,3.10,4.40,8.20,24.40,178.00,NULL,0.00,78.00,0.00,86.00,150.00,27.60),(704,9.40,185.00,0.04,3.80,76.00,845.00,121.00,7.65,0.59,217.00,0.26,4.90,0.00,86.00,3.40,3.70,17.90,21.90,254.00,NULL,0.00,110.00,0.00,60.00,100.00,15.00),(705,7.80,204.00,0.78,4.30,66.00,880.00,139.00,7.21,0.61,525.00,0.09,5.70,0.00,84.30,3.20,2.20,15.90,22.30,242.00,NULL,0.00,74.00,0.00,70.00,100.00,22.10),(706,7.10,210.00,0.16,12.90,63.00,870.00,118.00,7.24,0.55,140.00,0.02,4.80,0.00,56.50,2.50,3.50,18.40,23.10,268.00,NULL,0.00,70.00,0.00,80.00,100.00,21.20),(707,21.10,190.00,0.05,11.00,142.00,900.00,215.00,7.38,0.65,210.00,0.20,14.70,8.00,30.00,9.80,4.20,37.00,42.00,136.00,NULL,18.00,65.00,2.20,60.00,50.00,60.00),(708,13.80,200.00,0.47,2.00,126.00,880.00,177.00,8.20,0.68,575.00,0.10,9.50,3.00,92.00,4.40,2.70,14.00,24.00,219.00,NULL,18.00,40.00,1.80,105.00,50.00,44.00),(709,12.90,180.00,0.40,3.50,115.00,880.00,164.00,8.10,0.64,420.00,0.10,8.20,2.90,90.00,4.20,2.40,15.00,28.00,239.00,NULL,18.00,39.00,1.80,50.00,50.00,44.00),(710,7.90,160.00,0.12,3.60,60.00,775.00,118.00,6.67,0.60,160.00,0.26,4.50,0.00,111.00,3.00,4.70,0.00,21.80,231.00,NULL,0.00,110.00,0.00,60.00,100.00,15.30),(711,14.00,170.00,0.20,9.00,94.00,900.00,171.00,8.41,0.71,223.00,0.35,8.70,3.00,57.50,4.80,2.90,29.20,31.00,207.00,NULL,22.00,20.00,2.30,65.00,80.00,37.60),(712,21.10,150.00,0.05,11.00,142.00,900.00,215.00,7.38,0.65,210.00,0.20,14.70,8.00,30.00,9.80,4.20,37.00,42.00,136.00,NULL,18.00,65.00,2.20,60.00,50.00,60.00),(713,17.30,200.00,0.21,8.40,119.00,900.00,189.00,8.62,0.72,167.00,0.40,10.60,2.80,27.00,6.40,3.00,19.60,29.00,211.00,NULL,26.00,40.00,4.80,93.50,100.00,29.00),(714,5.80,120.00,0.66,2.90,42.00,900.00,99.00,8.01,0.63,99.00,0.89,4.50,3.30,66.30,4.20,3.10,8.20,18.00,280.00,NULL,24.00,50.00,1.90,75.00,70.00,22.70),(715,320.00,0.00,0.00,0.00,0.00,990.00,0.00,0.00,0.00,0.00,0.00,0.00,0.00,0.00,0.00,140.00,0.00,0.00,0.00,NULL,0.00,0.00,0.00,0.00,0.00,0.00),(716,2.80,0.00,0.28,15.90,286.00,900.00,333.00,11.70,1.02,215.00,0.88,12.60,5.30,37.00,13.00,8.30,12.50,19.00,97.00,NULL,25.00,48.00,3.70,8.00,2.50,52.00),(717,3.60,3.00,0.41,24.10,373.00,900.00,405.00,10.60,1.03,332.00,0.66,14.20,5.10,48.00,16.70,12.20,8.00,31.00,137.00,NULL,28.00,53.00,3.30,3.00,5.00,41.00),(718,8.60,0.00,0.19,4.00,318.00,913.00,383.00,11.36,0.91,265.00,0.57,22.50,5.00,73.00,19.30,14.70,14.50,23.00,120.00,NULL,2.00,72.00,14.00,0.00,2.50,179.00),(719,2.70,0.00,0.12,16.70,400.00,920.00,439.00,12.92,1.21,216.00,0.49,27.70,3.50,37.00,11.90,6.60,19.50,27.00,62.00,NULL,18.00,95.00,3.10,3.00,4.50,42.00),(720,4.10,1.00,0.14,15.90,235.00,910.00,298.00,10.21,0.89,254.00,0.26,17.70,4.70,18.00,11.50,10.10,9.90,16.00,188.00,NULL,15.00,65.00,3.40,20.00,3.50,43.00),(721,3.57,2.98,0.41,23.91,283.96,893.00,334.07,10.52,1.02,329.42,0.65,14.09,5.06,47.63,16.57,12.11,7.94,14.10,147.30,NULL,27.78,52.59,3.27,2.98,4.96,40.68),(722,1.48,0.00,0.06,4.68,105.40,861.20,140.60,11.40,1.17,87.26,0.16,0.00,1.30,34.00,0.00,4.60,6.20,15.80,49.20,NULL,516.00,42.10,1.09,0.00,17.70,30.60),(723,0.64,4.00,0.04,0.34,11.20,226.70,15.20,1.87,0.17,11.32,0.02,0.72,0.40,5.61,0.40,0.60,2.70,4.60,43.30,NULL,3.04,32.30,0.50,36.00,1.76,2.08),(724,1.24,5.00,0.05,0.50,14.00,249.00,21.00,2.34,0.21,86.00,0.03,0.90,0.48,11.30,0.50,0.78,3.53,6.00,55.00,NULL,3.80,40.00,0.63,45.00,2.20,3.50),(725,1.41,7.00,0.03,2.99,28.00,665.10,58.10,4.22,0.33,71.82,0.15,1.44,0.60,70.40,0.88,1.00,28.10,11.20,237.10,NULL,0.00,28.10,1.04,0.00,480.00,7.42),(726,4.70,10.00,0.04,8.40,35.00,830.00,68.00,5.28,0.41,107.00,0.19,1.80,0.90,88.00,1.10,3.10,13.00,14.00,295.00,NULL,0.00,60.00,1.30,0.00,600.00,25.00),(727,2.20,30.00,0.03,0.50,13.00,263.00,20.00,2.59,0.23,49.20,0.06,0.00,0.54,18.00,0.00,1.00,4.17,7.00,76.00,NULL,0.00,0.00,0.30,63.00,0.00,6.60),(728,2.20,30.00,0.03,1.50,13.00,252.00,20.00,2.44,0.22,23.00,0.06,0.00,0.30,18.00,0.00,1.00,5.60,7.00,76.00,NULL,0.00,0.00,0.30,63.00,0.00,3.00),(729,3.80,25.00,0.12,4.00,18.00,400.00,36.00,3.30,0.27,162.00,0.07,1.10,1.00,29.00,1.20,1.00,9.10,8.00,142.00,NULL,8.00,10.00,0.70,27.30,140.00,11.00),(730,0.00,0.00,0.00,0.00,0.00,0.00,0.00,0.00,0.00,0.00,0.00,0.00,0.00,0.00,0.00,86.00,0.00,0.00,0.00,NULL,0.00,0.00,0.00,0.00,0.00,0.00),(731,2.20,31.00,0.12,1.80,8.75,135.00,12.50,1.20,0.10,81.00,0.60,0.00,0.40,19.00,0.00,0.40,4.40,7.00,27.00,NULL,0.00,0.00,0.70,28.00,0.00,4.00),(732,57.00,345.00,5.20,70.00,820.00,12.30,1260.00,104.00,8.60,690.00,6.00,NULL,20.00,475.00,NULL,39.00,68.00,240.00,3450.00,57.00,970.00,645.00,23.00,345.00,8600.00,475.00),(733,73.00,475.00,7.40,95.00,1060.00,14.10,1630.00,126.00,10.60,850.00,8.50,NULL,22.00,635.00,NULL,51.00,82.00,340.00,3810.00,73.00,1435.00,955.00,27.00,425.00,10600.00,635.00),(734,65.00,410.00,6.30,82.00,940.00,13.20,1445.00,115.00,9.60,770.00,7.20,NULL,21.00,555.00,NULL,45.00,75.00,290.00,3700.00,65.00,1200.00,800.00,25.00,385.00,9600.00,555.00),(735,81.00,520.00,8.10,105.00,1160.00,14.90,1785.00,137.00,11.60,930.00,9.30,NULL,23.00,695.00,NULL,57.00,89.00,370.00,4020.00,81.00,1570.00,1045.00,29.00,465.00,11600.00,695.00),(736,89.00,565.00,8.80,115.00,1260.00,15.80,1940.00,148.00,12.60,1010.00,10.10,NULL,25.00,755.00,NULL,63.00,96.00,405.00,4110.00,89.00,1705.00,1135.00,31.00,505.00,12600.00,755.00),(737,97.00,610.00,9.50,122.00,1360.00,16.50,2090.00,158.00,13.60,1090.00,10.90,NULL,26.00,815.00,NULL,69.00,103.00,435.00,4130.00,97.00,1840.00,1225.00,33.00,545.00,13600.00,815.00),(738,105.00,655.00,10.20,130.00,1460.00,17.20,2245.00,168.00,14.60,1170.00,11.70,NULL,27.00,875.00,NULL,75.00,110.00,465.00,4130.00,105.00,1975.00,1315.00,35.00,585.00,14600.00,875.00),(739,113.00,710.00,11.90,150.00,1625.00,18.10,2500.00,180.00,15.80,1270.00,13.50,NULL,28.00,990.00,NULL,81.00,117.00,540.00,4160.00,113.00,2335.00,1555.00,37.00,635.00,15800.00,990.00),(740,121.00,770.00,13.70,170.00,1795.00,19.00,2760.00,193.00,17.10,1370.00,15.40,NULL,29.00,1110.00,NULL,87.00,124.00,615.00,4180.00,121.00,2695.00,1795.00,39.00,685.00,17100.00,1110.00),(741,129.00,825.00,14.70,182.00,1930.00,19.80,2970.00,205.00,18.40,1400.00,16.50,NULL,30.00,1195.00,NULL,93.00,131.00,660.00,4160.00,129.00,2900.00,1930.00,41.00,735.00,18400.00,1195.00),(742,137.00,885.00,15.80,195.00,2070.00,20.70,3185.00,218.00,19.70,1575.00,17.70,NULL,32.00,1280.00,NULL,99.00,138.00,710.00,4140.00,137.00,3105.00,2070.00,43.00,790.00,19700.00,1280.00),(743,153.00,1115.00,20.10,245.00,2455.00,22.30,3775.00,243.00,22.30,1785.00,22.30,NULL,34.00,1560.00,NULL,111.00,152.00,890.00,4140.00,153.00,4015.00,2675.00,47.00,890.00,22300.00,1560.00),(744,72.00,603.00,9.40,114.00,885.00,13.40,1366.00,108.00,8.80,710.00,8.00,NULL,23.00,804.00,NULL,45.00,72.00,285.00,3650.00,59.00,1190.00,795.00,27.00,536.00,12000.00,670.00),(745,82.00,653.00,9.90,129.00,985.00,14.20,1518.00,119.00,9.80,795.00,9.00,NULL,24.00,880.00,NULL,52.00,79.00,315.00,3850.00,67.00,1330.00,885.00,30.00,596.00,14200.00,738.00),(746,93.00,720.00,10.50,145.00,1085.00,15.00,1670.00,130.00,10.80,870.00,10.50,NULL,25.00,975.00,NULL,60.00,85.00,345.00,4050.00,75.00,1465.00,975.00,33.00,675.00,15000.00,825.00),(747,101.00,790.00,12.60,159.00,1185.00,15.80,1822.00,141.00,11.80,948.00,11.00,NULL,28.00,1074.00,NULL,66.00,93.00,375.00,4265.00,83.00,1615.00,1065.00,36.00,758.00,17400.00,916.00),(748,111.00,863.00,14.90,174.00,1285.00,16.60,1977.00,152.00,12.80,1029.00,11.60,NULL,30.00,1162.00,NULL,73.00,100.00,410.00,4330.00,91.00,1735.00,1155.00,40.00,830.00,19900.00,996.00),(749,121.00,934.00,17.30,188.00,1385.00,17.30,2130.00,162.00,13.80,1107.00,13.80,NULL,32.00,1263.00,NULL,79.00,107.00,445.00,4340.00,99.00,1870.00,1245.00,43.00,917.00,20800.00,1090.00),(750,131.00,1008.00,19.80,203.00,1485.00,18.00,2285.00,172.00,14.80,1188.00,14.40,NULL,34.00,1350.00,NULL,86.00,113.00,475.00,4335.00,107.00,2005.00,1335.00,47.00,1008.00,23400.00,1170.00),(751,144.00,1096.00,22.70,221.00,1645.00,18.90,2532.00,184.00,16.00,1285.00,17.00,NULL,36.00,1474.00,NULL,94.00,121.00,545.00,4345.00,115.00,2360.00,1570.00,51.00,1096.00,24600.00,1285.00),(752,154.00,1182.00,23.60,236.00,1810.00,19.70,2785.00,196.00,17.20,1379.00,17.70,NULL,37.00,1576.00,NULL,102.00,128.00,620.00,4345.00,123.00,2715.00,1810.00,55.00,1182.00,27600.00,1379.00),(753,162.00,1271.00,26.60,256.00,1945.00,20.50,2992.00,209.00,18.50,1476.00,18.40,NULL,41.00,1681.00,NULL,109.00,135.00,665.00,4330.00,131.00,2920.00,1945.00,57.00,1271.00,28700.00,1476.00),(754,171.00,1370.00,27.80,278.00,1080.00,21.40,3200.00,221.00,19.80,1584.00,19.30,NULL,43.00,1798.00,NULL,115.00,141.00,710.00,4320.00,139.00,3120.00,2080.00,60.00,1370.00,30000.00,1584.00),(755,182.00,1465.00,28.90,300.00,2270.00,22.20,3496.00,233.00,21.10,1687.00,22.20,NULL,44.00,1909.00,NULL,122.00,149.00,800.00,4320.00,147.00,3575.00,2380.00,62.00,1465.00,31000.00,1687.00),(756,191.00,1564.00,29.90,322.00,2465.00,23.00,3792.00,246.00,22.40,1794.00,23.00,NULL,46.00,2024.00,NULL,129.00,156.00,895.00,4320.00,155.00,4030.00,2685.00,66.00,1564.00,34500.00,1794.00),(757,201.00,1659.00,30.80,344.00,2605.00,23.70,4011.00,258.00,23.70,1896.00,26.00,NULL,50.00,2133.00,NULL,135.00,163.00,935.00,4305.00,163.00,4265.00,2840.00,69.00,1659.00,35500.00,1896.00),(758,210.00,1757.00,34.10,366.00,2750.00,24.40,4230.00,269.00,25.00,2000.00,26.80,NULL,51.00,2245.00,NULL,141.00,171.00,975.00,4295.00,171.00,4500.00,3000.00,71.00,1757.00,36600.00,2000.00),(759,220.00,1857.00,35.10,389.00,2895.00,25.10,4450.00,280.00,26.30,2108.00,27.60,NULL,53.00,2359.00,NULL,148.00,176.00,1025.00,4280.00,179.00,4735.00,3155.00,73.00,1857.00,37600.00,2108.00),(760,230.00,1960.00,36.10,413.00,3040.00,25.80,4670.00,292.00,27.60,2219.00,28.40,NULL,54.00,2477.00,NULL,155.00,183.00,1080.00,4270.00,187.00,4970.00,3310.00,75.00,1960.00,38700.00,2219.00),(761,238.00,2067.00,37.10,437.00,3185.00,26.50,4890.00,303.00,28.90,2305.00,31.80,NULL,58.00,2597.00,NULL,162.00,190.00,1135.00,4270.00,195.00,5205.00,3465.00,77.00,1067.00,42400.00,2332.00),(762,250.00,2176.00,40.80,462.00,3330.00,27.20,5110.00,315.00,30.20,2420.00,32.60,NULL,60.00,2720.00,NULL,169.00,198.00,1190.00,4260.00,203.00,5440.00,3620.00,82.00,21.76,43500.00,2448.00),(763,262.00,2288.00,41.80,488.00,3475.00,27.90,5330.00,326.00,31.50,2511.00,33.50,NULL,61.00,2846.00,NULL,175.00,203.00,1245.00,4260.00,211.00,5675.00,3775.00,84.00,2288.00,44600.00,2567.00),(764,272.00,2402.00,42.90,515.00,3620.00,28.60,5550.00,338.00,32.80,2631.00,34.40,NULL,63.00,2974.00,NULL,183.00,211.00,1300.00,4250.00,219.00,5910.00,3930.00,86.00,2402.00,45600.00,2688.00),(765,78.00,500.00,7.80,100.00,1110.00,15.90,1710.00,135.00,11.10,890.00,8.90,NULL,90.00,665.00,NULL,54.00,25.00,355.00,4290.00,78.00,1500.00,1000.00,30.00,445.00,11100.00,665.00),(766,86.00,545.00,8.50,110.00,1210.00,16.70,1860.00,146.00,12.10,970.00,9.70,NULL,97.00,725.00,NULL,60.00,27.00,385.00,4510.00,86.00,1660.00,1090.00,32.00,485.00,12100.00,725.00),(767,94.00,590.00,9.20,120.00,1310.00,17.50,2015.00,156.00,13.10,1050.00,10.50,NULL,104.00,785.00,NULL,66.00,28.00,420.00,4550.00,94.00,1770.00,1180.00,34.00,525.00,13100.00,785.00),(768,102.00,635.00,9.90,130.00,1410.00,18.20,2170.00,166.00,14.10,1130.00,11.30,NULL,111.00,845.00,NULL,72.00,29.00,455.00,4550.00,102.00,1905.00,1270.00,36.00,565.00,14100.00,845.00),(769,110.00,680.00,10.60,135.00,1510.00,18.90,2325.00,177.00,15.10,1210.00,12.10,NULL,118.00,905.00,NULL,78.00,30.00,485.00,4540.00,110.00,2040.00,1360.00,38.00,605.00,15100.00,905.00),(770,118.00,730.00,12.30,155.00,1665.00,19.70,2565.00,189.00,16.30,1300.00,13.90,NULL,125.00,1020.00,NULL,84.00,31.00,550.00,4530.00,118.00,2390.00,1590.00,40.00,650.00,16300.00,1020.00),(771,126.00,785.00,13.90,175.00,1825.00,20.50,2810.00,200.00,17.40,1390.00,15.70,NULL,132.00,1130.00,NULL,90.00,32.00,625.00,4510.00,126.00,2740.00,1825.00,42.00,695.00,17400.00,1130.00),(772,134.00,840.00,14.90,190.00,1960.00,21.30,3015.00,213.00,18.70,1490.00,16.80,NULL,139.00,1215.00,NULL,96.00,34.00,670.00,4500.00,134.00,2940.00,1960.00,44.00,745.00,18700.00,1215.00),(773,142.00,895.00,15.90,200.00,2090.00,22.10,3215.00,225.00,19.90,1590.00,17.90,NULL,146.00,1295.00,NULL,102.00,35.00,715.00,4500.00,142.00,3135.00,2090.00,46.00,795.00,19900.00,1295.00),(774,150.00,1010.00,18.10,225.00,2280.00,22.90,3515.00,237.00,21.20,1695.00,20.20,NULL,153.00,1435.00,NULL,108.00,36.00,810.00,4500.00,150.00,3590.00,2395.00,48.00,845.00,21200.00,1435.00),(775,158.00,1125.00,20.30,250.00,2475.00,23.70,3810.00,249.00,22.50,1800.00,22.50,NULL,160.00,1575.00,NULL,114.00,37.00,900.00,4500.00,158.00,4050.00,2700.00,50.00,900.00,22500.00,1575.00),(776,174.00,1255.00,22.60,275.00,2760.00,25.10,4245.00,273.00,25.10,2010.00,25.10,NULL,174.00,1755.00,NULL,126.00,40.00,1005.00,4490.00,174.00,4515.00,3010.00,54.00,1005.00,25100.00,1755.00),(777,190.00,1385.00,24.90,305.00,3045.00,26.40,4685.00,296.00,27.70,2215.00,27.70,NULL,188.00,1940.00,NULL,138.00,42.00,1110.00,4480.00,190.00,5155.00,3325.00,58.00,1110.00,27700.00,1940.00),(778,104.00,806.00,11.80,163.00,1210.00,16.80,1865.00,144.00,12.10,974.00,11.80,NULL,28.00,1092.00,NULL,67.00,96.00,386.00,4536.00,84.00,1646.00,1092.00,37.00,756.00,16800.00,924.00),(779,112.00,880.00,14.00,178.00,1320.00,17.60,2024.00,157.00,13.20,1056.00,12.30,NULL,31.00,1196.00,NULL,74.00,104.00,417.00,4752.00,91.00,1795.00,1179.00,40.00,845.00,19400.00,1020.00),(780,123.00,957.00,16.50,193.00,1417.00,18.40,2190.00,167.00,14.20,1140.00,12.90,NULL,33.00,1288.00,NULL,81.00,110.00,454.00,4784.00,101.00,1914.00,1288.00,44.00,920.00,22000.00,1104.00),(781,134.00,1031.00,19.10,208.00,1528.00,19.10,2349.00,179.00,15.30,1222.00,15.30,NULL,34.00,1394.00,NULL,88.00,118.00,491.00,4775.00,109.00,2063.00,1375.00,48.00,1012.00,22900.00,1203.00),(782,144.00,1108.00,21.80,2224.00,1683.00,19.80,2614.00,190.00,16.40,1306.00,15.80,NULL,37.00,1485.00,NULL,95.00,125.00,542.00,4750.00,119.00,2297.00,1525.00,51.00,1108.00,25700.00,1287.00),(783,155.00,1189.00,24.60,240.00,1783.00,20.50,2808.00,199.00,17.40,1394.00,18.40,NULL,39.00,1600.00,NULL,102.00,131.00,590.00,4715.00,125.00,2542.00,1700.00,55.00,1189.00,26600.00,1394.00),(784,166.00,1278.00,25.50,255.00,1960.00,21.30,3003.00,211.00,18.50,1491.00,19.10,NULL,40.00,1704.00,NULL,110.00,138.00,671.00,4686.00,132.00,2939.00,1960.00,59.00,1278.00,29800.00,1491.00),(785,174.00,1364.00,28.60,275.00,2090.00,22.00,3212.00,224.00,19.80,1584.00,19.80,NULL,44.00,1804.00,NULL,116.00,145.00,713.00,4642.00,141.00,3124.00,2090.00,61.00,1364.00,30800.00,1584.00),(786,182.00,1459.00,29.60,296.00,2215.00,22.80,3397.00,235.00,20.90,1687.00,20.50,NULL,46.00,1915.00,NULL,123.00,150.00,757.00,4606.00,148.00,3329.00,2212.00,64.00,1459.00,31900.00,1687.00),(787,193.00,1557.00,30.70,318.00,2407.00,23.60,3705.00,248.00,22.40,1793.00,23.60,NULL,47.00,2030.00,NULL,130.00,158.00,850.00,4598.00,156.00,3800.00,2525.00,66.00,1577.00,33000.00,1793.00),(788,202.00,1659.00,31.70,341.00,2611.00,24.40,4026.00,261.00,23.60,1903.00,24.40,NULL,49.00,2147.00,NULL,136.00,166.00,949.00,4587.00,163.00,4270.00,2830.00,70.00,1659.00,36600.00,1903.00),(789,213.00,1757.00,32.60,364.00,2761.00,25.10,4242.00,273.00,25.10,2008.00,27.60,NULL,52.00,2259.00,NULL,143.00,173.00,989.00,4568.00,173.00,4518.00,3012.00,73.00,1757.00,37600.00,2008.00),(790,222.00,1857.00,36.10,387.00,2915.00,25.80,4463.00,284.00,26.30,2115.00,28.40,NULL,54.00,2373.00,NULL,150.00,180.00,1029.00,4541.00,181.00,4747.00,3173.00,75.00,1857.00,38700.00,2115.00),(791,232.00,1953.00,36.90,409.00,3036.00,26.40,4673.00,293.00,27.70,2217.00,29.00,NULL,55.00,2481.00,NULL,155.00,185.00,1077.00,4488.00,187.00,4990.00,3326.00,76.00,1953.00,39600.00,2217.00),(792,241.00,2060.00,37.90,433.00,3198.00,27.10,4905.00,306.00,29.00,2330.00,29.80,NULL,57.00,2601.00,NULL,162.00,192.00,1135.00,4471.00,195.00,5230.00,3469.00,78.00,2060.00,40600.00,2330.00),(793,248.00,2153.00,38.60,455.00,3312.00,27.60,5078.00,315.00,30.00,2401.00,33.10,NULL,60.00,2705.00,NULL,168.00,198.00,1181.00,4444.00,201.00,5410.00,3616.00,80.00,2153.00,44100.00,2428.00),(794,258.00,2248.00,42.10,178.00,3428.00,28.10,5283.00,326.00,31.20,2500.00,33.70,NULL,62.00,2810.00,NULL,174.00,205.00,1228.00,4412.00,211.00,5620.00,3737.00,84.00,2248.00,45000.00,2529.00),(795,270.00,2353.00,43.00,502.00,3559.00,28.70,5482.00,336.00,32.40,2583.00,34.40,NULL,63.00,2927.00,NULL,180.00,209.00,1280.00,4391.00,218.00,5826.00,3874.00,86.00,2353.00,45900.00,2640.00),(796,278.00,2461.00,44.00,527.00,3692.00,29.30,5684.00,346.00,33.70,2695.00,35.10,NULL,64.00,3047.00,NULL,187.00,217.00,1330.00,4366.00,226.00,6065.00,4014.00,88.00,2461.00,46900.00,2754.00),(797,289.00,2563.00,44.70,551.00,3814.00,29.80,5870.00,355.00,34.80,2801.00,3.70,NULL,68.00,3158.00,NULL,194.00,223.00,1380.00,4321.00,232.00,6258.00,4142.00,89.00,2563.00,50600.00,2860.00),(798,300.00,2666.00,48.50,575.00,3939.00,30.30,6060.00,364.00,36.00,2878.00,39.40,NULL,70.00,3272.00,NULL,200.00,230.00,1427.00,4303.00,239.00,6424.00,4303.00,91.00,2666.00,51500.00,2969.00),(799,308.00,2772.00,49.20,600.00,4066.00,30.80,6222.00,373.00,37.00,2987.00,40.00,NULL,71.00,3388.00,NULL,206.00,237.00,1478.00,4312.00,246.00,6622.00,4466.00,92.00,2772.00,52300.00,3080.00),(800,131.00,967.00,12.90,140.00,1355.00,12.90,2085.00,142.00,12.30,860.00,15.50,NULL,24.50,774.00,NULL,82.00,87.00,445.00,2840.00,75.00,1465.00,1220.00,32.20,774.00,21900.00,774.00),(801,145.00,1065.00,14.20,155.00,1485.00,14.20,2285.00,153.00,13.50,945.00,17.00,NULL,27.00,852.00,NULL,90.00,90.00,515.00,2980.00,80.00,1930.00,1485.00,35.50,852.00,24100.00,852.00),(802,149.00,1095.00,14.60,159.00,1605.00,14.60,2470.00,162.00,14.20,1020.00,17.50,NULL,27.70,876.00,NULL,93.00,97.00,585.00,2920.00,85.00,2085.00,1605.00,36.50,876.00,24800.00,876.00),(803,60.00,295.00,5.10,65.00,725.00,9.40,1115.00,80.00,6.60,460.00,5.10,NULL,15.80,330.00,NULL,35.00,53.00,200.00,2350.00,40.00,640.00,580.00,18.00,265.00,6600.00,330.00),(804,80.00,345.00,5.40,75.00,850.00,11.00,1310.00,89.00,7.70,540.00,5.40,NULL,18.50,385.00,NULL,45.00,62.00,230.00,2750.00,50.00,750.00,680.00,21.00,310.00,7700.00,385.00),(805,70.00,385.00,5.40,75.00,850.00,9.60,1310.00,92.00,7.90,540.00,5.40,NULL,17.30,385.00,NULL,40.00,58.00,245.00,2305.00,45.00,750.00,680.00,19.00,310.00,7700.00,385.00),(806,90.00,440.00,6.20,90.00,970.00,11.00,1490.00,105.00,8.80,615.00,6.20,NULL,19.80,440.00,NULL,50.00,66.00,280.00,2640.00,55.00,850.00,775.00,22.00,350.00,8800.00,440.00),(807,95.00,495.00,6.90,100.00,1090.00,11.60,1675.00,116.00,9.90,695.00,6.90,NULL,20.90,495.00,NULL,55.00,70.00,335.00,2670.00,60.00,1175.00,980.00,23.00,395.00,10900.00,495.00),(808,110.00,535.00,7.50,105.00,1175.00,12.60,1810.00,125.00,10.70,750.00,7.50,NULL,22.70,535.00,NULL,65.00,76.00,365.00,2900.00,70.00,1270.00,1060.00,25.00,430.00,11800.00,535.00),(809,105.00,635.00,8.10,115.00,1265.00,12.10,1945.00,132.00,11.50,805.00,8.10,NULL,21.60,575.00,NULL,60.00,81.00,415.00,2660.00,65.00,1370.00,1140.00,27.00,460.00,12700.00,575.00),(810,120.00,675.00,8.60,125.00,1355.00,12.90,2085.00,142.00,12.30,860.00,8.60,NULL,23.20,615.00,NULL,70.00,87.00,445.00,2840.00,75.00,1465.00,1220.00,29.00,490.00,13500.00,615.00),(811,130.00,810.00,9.50,135.00,1485.00,14.20,2285.00,153.00,13.50,945.00,9.50,NULL,24.00,675.00,NULL,75.00,90.00,515.00,2980.00,80.00,1930.00,1485.00,30.00,540.00,16200.00,675.00),(812,140.00,845.00,9.90,140.00,1550.00,14.80,2385.00,159.00,14.10,985.00,9.90,NULL,25.10,705.00,NULL,85.00,94.00,535.00,3110.00,90.00,2015.00,1550.00,31.00,565.00,16900.00,705.00),(813,135.00,875.00,10.20,145.00,1605.00,14.60,2470.00,162.00,14.20,1020.00,10.20,NULL,25.90,730.00,NULL,80.00,97.00,585.00,2920.00,85.00,2085.00,1605.00,32.00,585.00,17500.00,730.00),(814,150.00,920.00,10.70,155.00,1685.00,15.30,2590.00,170.00,14.90,1070.00,10.70,NULL,27.20,765.00,NULL,90.00,102.00,610.00,3060.00,95.00,2190.00,1685.00,34.00,610.00,18400.00,765.00),(815,15.00,35.00,0.60,7.00,270.00,0.95,320.00,21.60,2.70,55.00,0.40,NULL,2.00,40.00,NULL,10.00,9.00,230.00,75.00,5.00,0.00,245.00,4.00,40.00,800.00,45.00),(816,20.00,55.00,1.10,14.00,430.00,1.80,520.00,27.10,3.30,100.00,0.80,NULL,3.00,70.00,NULL,15.00,15.00,235.00,250.00,10.00,350.00,385.00,7.00,70.00,1300.00,80.00),(817,25.00,75.00,1.80,23.00,505.00,3.00,645.00,32.70,3.90,165.00,1.00,NULL,5.00,120.00,NULL,20.00,21.00,240.00,500.00,15.00,390.00,485.00,9.00,120.00,1700.00,135.00),(818,30.00,95.00,2.30,29.00,545.00,3.80,735.00,36.00,4.20,210.00,1.30,NULL,7.00,150.00,NULL,20.00,27.00,245.00,845.00,20.00,710.00,490.00,12.00,150.00,2100.00,170.00),(819,35.00,115.00,2.90,36.00,550.00,4.80,820.00,40.40,4.60,265.00,1.50,NULL,9.00,190.00,NULL,25.00,33.00,250.00,920.00,20.00,715.00,495.00,15.00,190.00,2300.00,215.00),(820,40.00,140.00,3.40,42.00,575.00,5.60,885.00,44.90,5.00,310.00,1.80,NULL,12.00,225.00,NULL,30.00,39.00,260.00,1010.00,25.00,750.00,520.00,18.00,225.00,2600.00,250.00),(821,45.00,145.00,4.40,54.00,660.00,6.70,1015.00,53.60,6.00,405.00,2.00,NULL,14.00,335.00,NULL,30.00,46.00,265.00,1475.00,30.00,860.00,595.00,20.00,270.00,3100.00,300.00),(822,55.00,160.00,4.70,58.00,710.00,7.30,1090.00,61.70,6.60,440.00,2.30,NULL,18.00,365.00,NULL,35.00,54.00,270.00,1605.00,40.00,925.00,640.00,24.00,290.00,3600.00,330.00),(823,60.00,180.00,5.10,63.00,745.00,7.90,1145.00,75.80,7.10,475.00,2.50,NULL,21.00,395.00,NULL,35.00,61.00,275.00,1740.00,40.00,970.00,670.00,25.00,320.00,4600.00,355.00),(824,65.00,210.00,5.70,70.00,830.00,8.80,1295.00,87.60,7.90,530.00,2.80,NULL,25.00,440.00,NULL,40.00,67.00,280.00,2110.00,50.00,1080.00,745.00,26.00,355.00,5500.00,395.00),(825,70.00,240.00,6.20,76.00,880.00,9.50,1405.00,100.30,8.60,570.00,3.00,NULL,29.00,475.00,NULL,40.00,72.00,285.00,2280.00,60.00,1145.00,790.00,27.00,380.00,6000.00,430.00),(826,50.00,400.00,6.20,80.00,1015.00,8.20,1675.00,81.00,7.00,450.00,6.20,NULL,20.00,410.00,NULL,42.00,60.00,330.00,1640.00,50.00,1115.00,1015.00,25.00,245.00,7500.00,330.00),(827,55.00,480.00,6.90,85.00,1130.00,9.20,1865.00,90.00,7.80,505.00,6.90,NULL,24.00,460.00,NULL,47.00,72.00,370.00,1840.00,55.00,1245.00,1130.00,30.00,275.00,9000.00,370.00),(828,60.00,560.00,7.70,95.00,1260.00,10.20,2080.00,100.00,8.70,560.00,7.70,NULL,28.00,510.00,NULL,52.00,84.00,410.00,2040.00,60.00,1390.00,1260.00,35.00,305.00,10500.00,410.00),(829,65.00,640.00,8.20,105.00,1350.00,10.90,2225.00,108.00,9.30,600.00,8.20,NULL,32.00,545.00,NULL,56.00,96.00,440.00,2180.00,65.00,1485.00,1350.00,40.00,325.00,12000.00,435.00),(830,70.00,720.00,8.90,115.00,1465.00,11.90,2415.00,116.00,10.10,655.00,8.90,NULL,36.00,595.00,NULL,60.00,108.00,480.00,2380.00,70.00,1610.00,1465.00,45.00,355.00,13500.00,475.00),(831,75.00,800.00,9.50,120.00,1565.00,12.70,2585.00,124.00,10.80,700.00,9.50,NULL,40.00,635.00,NULL,65.00,120.00,510.00,2540.00,75.00,1725.00,1565.00,50.00,380.00,15000.00,510.00),(832,80.00,880.00,10.10,125.00,1655.00,13.40,2725.00,131.00,11.40,735.00,10.10,NULL,44.00,670.00,NULL,70.00,132.00,540.00,2680.00,80.00,1820.00,1655.00,55.00,400.00,16500.00,535.00),(833,85.00,960.00,10.60,135.00,1740.00,14.10,2780.00,138.00,12.00,775.00,10.60,NULL,48.00,705.00,NULL,75.00,144.00,565.00,2820.00,85.00,1915.00,1740.00,60.00,425.00,18000.00,565.00),(834,90.00,1040.00,11.00,140.00,1815.00,14.70,2990.00,144.00,12.50,810.00,11.00,NULL,52.00,735.00,NULL,80.00,156.00,590.00,2940.00,90.00,1995.00,1815.00,65.00,440.00,19500.00,590.00),(835,95.00,1120.00,11.40,145.00,1870.00,15.20,3085.00,148.00,12.90,835.00,11.40,NULL,56.00,760.00,NULL,85.00,168.00,610.00,3040.00,95.00,2055.00,1870.00,70.00,455.00,21000.00,610.00),(836,10.00,30.00,0.50,6.00,220.00,0.80,260.00,16.90,2.30,40.00,0.30,NULL,1.00,30.00,NULL,5.00,8.00,190.00,65.00,5.00,0.00,200.00,3.00,30.00,700.00,35.00),(837,15.00,45.00,0.80,11.00,325.00,1.40,390.00,20.90,2.60,75.00,0.50,NULL,2.00,55.00,NULL,10.00,12.00,200.00,195.00,10.00,340.00,295.00,5.00,55.00,1100.00,63.00),(838,20.00,60.00,1.30,16.00,360.00,2.20,445.00,23.40,2.90,120.00,0.70,NULL,3.00,80.00,NULL,13.00,15.00,205.00,440.00,12.00,380.00,325.00,7.00,85.00,1500.00,97.00),(839,25.00,75.00,1.70,21.00,365.00,2.80,455.00,26.00,3.20,155.00,0.80,NULL,5.00,110.00,NULL,15.00,19.00,215.00,610.00,15.00,475.00,330.00,8.00,110.00,1900.00,126.00),(840,25.00,90.00,2.20,27.00,370.00,3.60,495.00,28.60,3.60,200.00,1.00,NULL,6.00,145.00,NULL,15.00,22.00,220.00,685.00,20.00,480.00,335.00,10.00,145.00,2100.00,162.00),(841,30.00,105.00,2.50,31.00,385.00,4.10,525.00,31.40,3.80,225.00,1.20,NULL,7.00,165.00,NULL,20.00,26.00,230.00,740.00,20.00,500.00,340.00,11.00,165.00,2300.00,185.00),(842,33.00,115.00,2.90,36.00,395.00,4.50,575.00,33.60,4.00,270.00,1.30,NULL,9.00,225.00,NULL,20.00,32.00,240.00,945.00,23.00,510.00,345.00,13.00,180.00,2500.00,200.00),(843,35.00,125.00,3.20,39.00,405.00,4.90,625.00,36.00,4.20,295.00,1.50,NULL,10.00,245.00,NULL,20.00,36.00,245.00,1075.00,25.00,525.00,365.00,15.00,195.00,2600.00,220.00),(844,36.00,130.00,3.50,43.00,435.00,5.40,670.00,38.60,4.40,325.00,1.60,NULL,12.00,270.00,NULL,21.00,39.00,255.00,1190.00,27.00,565.00,390.00,16.00,215.00,2800.00,245.00),(845,38.00,135.00,3.80,46.00,445.00,5.80,685.00,41.10,4.60,350.00,1.70,NULL,13.00,290.00,NULL,22.00,42.00,260.00,1275.00,29.00,580.00,400.00,19.00,230.00,3000.00,260.00),(846,40.00,140.00,3.90,48.00,455.00,6.00,700.00,43.60,4.80,360.00,1.80,NULL,14.00,300.00,NULL,23.00,45.00,270.00,1320.00,30.00,590.00,410.00,20.00,240.00,3300.00,270.00),(847,41.00,145.00,4.00,49.00,465.00,6.10,715.00,46.10,5.00,365.00,1.80,NULL,15.00,305.00,NULL,24.00,47.00,280.00,1340.00,32.00,605.00,420.00,21.00,245.00,3500.00,275.00),(848,42.00,150.00,4.10,50.00,475.00,6.20,730.00,47.00,5.20,370.00,1.90,NULL,16.00,310.00,NULL,25.00,49.00,285.00,1365.00,34.00,615.00,430.00,22.00,250.00,3800.00,280.00),(849,44.00,160.00,4.20,51.00,480.00,6.40,740.00,49.10,5.30,395.00,1.90,NULL,17.00,320.00,NULL,26.00,50.00,290.00,1410.00,35.00,625.00,435.00,23.00,255.00,4100.00,290.00),(850,45.00,165.00,4.30,52.00,490.00,6.50,755.00,51.20,5.40,390.00,2.00,NULL,18.00,325.00,NULL,27.00,53.00,300.00,1430.00,37.00,635.00,440.00,23.00,260.00,4300.00,295.00),(851,46.00,170.00,4.40,54.00,495.00,6.80,760.00,53.20,5.60,410.00,2.00,NULL,18.00,340.00,NULL,28.00,55.00,310.00,1495.00,39.00,645.00,445.00,24.00,270.00,4500.00,305.00),(852,47.00,180.00,4.50,56.00,505.00,7.00,775.00,55.60,5.70,420.00,2.10,NULL,19.00,350.00,NULL,29.00,56.00,315.00,1540.00,40.00,655.00,455.00,24.00,280.00,4800.00,315.00),(853,49.00,185.00,4.70,58.00,520.00,7.30,800.00,57.90,5.80,440.00,2.20,NULL,20.00,365.00,NULL,30.00,58.00,325.00,1605.00,42.00,675.00,470.00,24.00,290.00,5100.00,330.00),(854,51.00,190.00,4.80,60.00,540.00,7.50,830.00,60.20,6.00,450.00,2.30,NULL,21.00,375.00,NULL,31.00,60.00,330.00,1650.00,44.00,700.00,485.00,25.00,300.00,5300.00,335.00),(855,52.00,200.00,4.90,61.00,550.00,7.60,845.00,61.40,6.10,455.00,2.30,NULL,22.00,380.00,NULL,32.00,61.00,340.00,1670.00,45.00,715.00,495.00,25.00,305.00,5500.00,340.00),(856,54.00,205.00,5.00,62.00,560.00,7.80,860.00,63.50,6.20,470.00,2.30,NULL,23.00,390.00,NULL,33.00,62.00,350.00,1715.00,47.00,730.00,505.00,25.00,310.00,5700.00,350.00),(857,55.00,215.00,5.10,63.00,565.00,7.90,870.00,66.30,6.30,475.00,2.40,NULL,24.00,395.00,NULL,34.00,63.00,355.00,1740.00,49.00,735.00,510.00,25.00,315.00,5800.00,355.00),(858,56.00,220.00,5.20,64.00,575.00,8.00,855.00,68.20,6.40,480.00,2.40,NULL,25.00,400.00,NULL,35.00,65.00,365.00,1760.00,50.00,745.00,520.00,25.00,320.00,5900.00,360.00),(859,57.00,225.00,5.30,65.00,585.00,8.10,900.00,70.50,6.50,485.00,2.40,NULL,25.00,405.00,NULL,36.00,66.00,375.00,1780.00,53.00,760.00,525.00,25.00,325.00,6100.00,365.00),(860,58.00,235.00,5.40,66.00,665.00,8.30,1025.00,73.90,7.00,500.00,2.50,NULL,26.00,415.00,NULL,37.00,68.00,380.00,1790.00,55.00,995.00,600.00,25.00,330.00,6300.00,375.00),(861,60.00,240.00,5.60,69.00,750.00,8.60,1155.00,75.80,7.50,525.00,2.60,NULL,27.00,430.00,NULL,38.00,70.00,390.00,1800.00,58.00,1125.00,675.00,25.00,345.00,6500.00,385.00),(862,63.00,250.00,5.70,70.00,865.00,8.80,1330.00,80.00,8.00,530.00,2.60,NULL,28.00,440.00,NULL,39.00,72.00,395.00,1810.00,60.00,1295.00,780.00,26.00,350.00,6600.00,395.00),(863,65.00,260.00,5.90,73.00,920.00,9.10,1415.00,85.00,8.50,545.00,2.70,NULL,30.00,455.00,NULL,40.00,74.00,405.00,1820.00,63.00,1360.00,830.00,26.00,365.00,6800.00,410.00),(864,15.00,35.00,0.50,6.00,240.00,0.84,280.00,19.90,2.50,45.00,0.40,NULL,2.00,35.00,NULL,10.00,9.00,215.00,70.00,5.00,0.00,215.00,4.00,35.00,800.00,40.00),(865,20.00,50.00,0.90,11.00,340.00,1.40,410.00,21.70,2.90,80.00,0.60,NULL,3.00,60.00,NULL,15.00,13.00,225.00,240.00,10.00,350.00,305.00,6.00,60.00,1200.00,65.00),(866,25.00,65.00,1.40,17.00,390.00,2.30,480.00,25.30,3.20,130.00,0.90,NULL,4.00,90.00,NULL,15.00,17.00,235.00,460.00,15.00,390.00,350.00,8.00,90.00,1600.00,105.00),(867,30.00,80.00,1.90,23.00,395.00,3.10,515.00,28.90,3.60,175.00,1.00,NULL,5.00,125.00,NULL,20.00,21.00,240.00,585.00,15.00,515.00,355.00,9.00,125.00,2000.00,140.00),(868,30.00,95.00,2.50,31.00,425.00,4.10,570.00,33.40,3.90,225.00,1.20,NULL,7.00,165.00,NULL,20.00,25.00,250.00,775.00,20.00,550.00,380.00,11.00,165.00,2200.00,185.00),(869,35.00,110.00,2.80,35.00,435.00,4.70,645.00,36.20,4.30,255.00,1.40,NULL,8.00,190.00,NULL,25.00,29.00,260.00,845.00,25.00,570.00,380.00,13.00,190.00,2400.00,210.00),(870,35.00,135.00,3.30,41.00,445.00,5.50,670.00,38.50,4.40,305.00,1.50,NULL,10.00,255.00,NULL,25.00,37.00,270.00,1070.00,28.00,575.00,390.00,15.00,205.00,2600.00,230.00),(871,37.00,140.00,3.60,44.00,455.00,6.00,700.00,41.50,4.60,330.00,1.70,NULL,12.00,275.00,NULL,26.00,41.00,280.00,1210.00,30.00,590.00,410.00,17.00,220.00,2700.00,245.00),(872,39.00,145.00,3.90,48.00,470.00,6.30,725.00,44.60,4.90,360.00,1.80,NULL,14.00,300.00,NULL,27.00,44.00,290.00,1320.00,32.00,610.00,425.00,18.00,240.00,2900.00,270.00),(873,41.00,155.00,4.10,50.00,480.00,6.80,740.00,47.20,5.20,380.00,1.90,NULL,15.00,315.00,NULL,28.00,47.00,295.00,1385.00,34.00,625.00,430.00,20.00,250.00,3100.00,285.00),(874,43.00,160.00,4.40,54.00,520.00,7.00,800.00,52.50,5.50,410.00,2.00,NULL,16.00,340.00,NULL,28.00,50.00,305.00,1495.00,35.00,675.00,465.00,22.00,270.00,3400.00,305.00),(875,44.00,165.00,4.50,56.00,530.00,7.00,815.00,53.60,5.60,420.00,2.10,NULL,17.00,350.00,NULL,29.00,53.00,315.00,1540.00,37.00,690.00,475.00,23.00,280.00,3600.00,315.00),(876,46.00,170.00,4.60,57.00,540.00,7.10,830.00,55.00,5.70,425.00,2.10,NULL,18.00,355.00,NULL,29.00,55.00,325.00,1560.00,39.00,700.00,485.00,24.00,285.00,3900.00,320.00),(877,48.00,180.00,4.70,58.00,550.00,7.30,845.00,57.40,5.80,440.00,2.20,NULL,19.00,365.00,NULL,30.00,57.00,330.00,1605.00,40.00,715.00,495.00,24.00,290.00,4200.00,330.00),(878,50.00,185.00,4.80,59.00,560.00,7.40,860.00,59.50,5.90,445.00,2.20,NULL,20.00,370.00,NULL,32.00,60.00,340.00,1630.00,42.00,730.00,505.00,25.00,295.00,4400.00,335.00),(879,52.00,190.00,5.00,62.00,565.00,7.70,870.00,63.10,6.20,460.00,2.30,NULL,21.00,385.00,NULL,34.00,62.00,350.00,1695.00,44.00,735.00,510.00,25.00,310.00,4600.00,345.00),(880,54.00,200.00,5.20,64.00,575.00,8.00,885.00,65.50,6.40,480.00,2.40,NULL,22.00,400.00,NULL,35.00,64.00,360.00,1760.00,45.00,745.00,515.00,25.00,320.00,4900.00,360.00),(881,55.00,205.00,5.30,65.00,585.00,8.10,900.00,68.50,6.50,485.00,2.40,NULL,23.00,405.00,NULL,37.00,65.00,370.00,1780.00,47.00,760.00,525.00,25.00,325.00,5200.00,365.00),(882,60.00,215.00,5.40,67.00,605.00,8.40,930.00,70.70,6.70,505.00,2.50,NULL,24.00,420.00,NULL,39.00,65.00,375.00,1850.00,49.00,785.00,545.00,25.00,335.00,5400.00,380.00),(883,65.00,220.00,5.50,68.00,610.00,8.50,940.00,71.90,6.80,510.00,2.60,NULL,25.00,425.00,NULL,40.00,67.00,385.00,1870.00,50.00,795.00,550.00,25.00,340.00,5600.00,385.00),(884,66.00,225.00,5.60,69.00,620.00,8.60,955.00,73.30,6.90,515.00,2.60,NULL,26.00,430.00,NULL,42.00,69.00,395.00,1890.00,52.00,805.00,560.00,25.00,345.00,5800.00,390.00),(885,68.00,230.00,5.70,70.00,630.00,8.80,970.00,76.10,7.00,530.00,2.60,NULL,27.00,440.00,NULL,44.00,70.00,405.00,1935.00,54.00,820.00,565.00,25.00,350.00,5900.00,395.00),(886,69.00,240.00,5.80,71.00,640.00,8.90,985.00,78.80,7.10,535.00,2.70,NULL,38.00,445.00,NULL,45.00,71.00,415.00,1960.00,55.00,830.00,575.00,26.00,355.00,6000.00,400.00),(887,70.00,245.00,5.90,72.00,650.00,9.00,1000.00,81.60,7.20,540.00,2.70,NULL,29.00,450.00,NULL,47.00,73.00,420.00,1980.00,57.00,845.00,585.00,26.00,360.00,6200.00,405.00),(888,72.00,250.00,6.00,74.00,710.00,9.30,1090.00,84.60,7.50,560.00,2.80,NULL,30.00,465.00,NULL,50.00,75.00,430.00,1990.00,60.00,1065.00,640.00,26.00,370.00,6400.00,420.00),(889,75.00,260.00,6.20,77.00,800.00,9.60,1230.00,87.10,8.00,575.00,2.90,NULL,31.00,480.00,NULL,51.00,76.00,440.00,2000.00,62.00,1200.00,720.00,26.00,385.00,6600.00,430.00),(890,78.00,270.00,6.40,79.00,920.00,9.90,1415.00,90.20,8.50,595.00,3.00,NULL,32.00,495.00,NULL,53.00,78.00,450.00,2020.00,63.00,1380.00,830.00,26.00,395.00,6700.00,445.00),(891,80.00,280.00,6.60,82.00,970.00,10.20,1490.00,94.50,9.00,610.00,3.10,NULL,33.00,510.00,NULL,55.00,80.00,460.00,2040.00,65.00,1455.00,870.00,27.00,410.00,6900.00,460.00),(892,13.00,25.00,0.50,7.00,275.00,0.90,325.00,20.00,2.20,50.00,0.40,NULL,2.00,35.00,NULL,8.00,11.00,240.00,0.00,0.00,0.00,330.00,5.00,30.00,1100.00,40.00),(893,19.00,40.00,0.90,10.00,350.00,1.50,410.00,25.00,2.80,80.00,0.70,NULL,3.00,60.00,NULL,11.00,16.00,240.00,0.00,5.00,0.00,420.00,7.00,50.00,1400.00,70.00),(894,25.00,55.00,1.30,15.00,400.00,2.20,470.00,28.00,3.20,120.00,1.00,NULL,4.00,90.00,NULL,15.00,21.00,200.00,0.00,10.00,0.00,430.00,9.00,70.00,1800.00,100.00),(895,27.00,75.00,2.00,25.00,470.00,3.00,590.00,32.00,3.90,165.00,1.40,NULL,6.00,120.00,NULL,17.00,27.00,220.00,420.00,15.00,515.00,395.00,11.00,95.00,2300.00,135.00),(896,33.00,100.00,2.30,30.00,515.00,3.80,640.00,36.00,4.30,210.00,1.70,NULL,7.00,150.00,NULL,21.00,32.00,250.00,570.00,20.00,570.00,415.00,14.00,120.00,2500.00,170.00),(897,25.00,85.00,2.60,35.00,580.00,5.00,890.00,51.00,6.10,265.00,1.30,NULL,7.00,175.00,NULL,13.00,34.00,230.00,925.00,20.00,640.00,465.00,15.00,110.00,4000.00,200.00),(898,30.00,105.00,3.20,45.00,625.00,5.60,960.00,55.00,6.60,325.00,1.60,NULL,11.00,215.00,NULL,16.00,45.00,250.00,1135.00,25.00,690.00,500.00,20.00,135.00,5000.00,245.00),(899,35.00,140.00,3.80,55.00,665.00,6.40,1025.00,61.00,7.00,385.00,1.90,NULL,14.00,255.00,NULL,20.00,54.00,260.00,1345.00,30.00,730.00,530.00,24.00,160.00,6000.00,290.00),(900,43.00,155.00,4.80,70.00,670.00,8.00,1030.00,69.00,7.90,480.00,2.40,NULL,17.00,320.00,NULL,23.00,61.00,295.00,1680.00,40.00,870.00,600.00,26.00,200.00,7000.00,360.00),(901,45.00,170.00,5.40,75.00,695.00,9.00,1070.00,74.00,8.20,540.00,2.70,NULL,19.00,360.00,NULL,26.00,68.00,310.00,1890.00,45.00,905.00,625.00,30.00,225.00,7500.00,405.00),(902,49.00,190.00,6.00,85.00,730.00,10.00,1215.00,85.00,9.10,600.00,3.00,NULL,22.00,400.00,NULL,27.00,75.00,340.00,1900.00,55.00,1095.00,730.00,31.00,250.00,8000.00,450.00),(903,56.00,220.00,6.60,95.00,750.00,11.00,1250.00,94.00,9.40,660.00,3.30,NULL,25.00,440.00,NULL,30.00,84.00,355.00,2090.00,60.00,1125.00,750.00,34.00,275.00,8000.00,495.00),(904,61.00,240.00,7.50,105.00,775.00,12.50,1290.00,107.00,9.70,750.00,3.80,NULL,28.00,500.00,NULL,33.00,93.00,360.00,2375.00,65.00,1160.00,775.00,38.00,300.00,8500.00,565.00),(905,34.00,115.00,3.40,50.00,705.00,6.00,1085.00,62.00,7.40,340.00,1.70,NULL,12.00,220.00,NULL,18.00,46.00,280.00,1200.00,30.00,775.00,565.00,20.00,145.00,6000.00,255.00),(906,39.00,150.00,4.00,55.00,740.00,6.70,1140.00,69.00,7.80,400.00,2.00,NULL,14.00,270.00,NULL,22.00,55.00,295.00,1405.00,35.00,810.00,590.00,25.00,170.00,7000.00,300.00),(907,48.00,165.00,5.10,70.00,750.00,8.50,1150.00,77.00,8.80,510.00,2.60,NULL,17.00,340.00,NULL,26.00,62.00,330.00,1785.00,40.00,975.00,675.00,27.00,215.00,8000.00,385.00),(908,50.00,180.00,5.70,80.00,775.00,9.50,1190.00,82.00,9.10,570.00,2.90,NULL,20.00,380.00,NULL,28.00,69.00,340.00,1995.00,45.00,1010.00,695.00,31.00,240.00,8500.00,430.00),(909,55.00,200.00,6.30,90.00,810.00,10.50,1350.00,94.00,10.10,630.00,3.20,NULL,23.00,420.00,NULL,30.00,76.00,380.00,1995.00,60.00,1215.00,810.00,31.00,265.00,9000.00,475.00),(910,62.00,230.00,6.90,100.00,830.00,11.50,1380.00,104.00,10.40,690.00,3.50,NULL,25.00,460.00,NULL,33.00,85.00,390.00,2185.00,65.00,1245.00,830.00,35.00,290.00,9000.00,520.00),(911,68.00,250.00,7.80,110.00,855.00,13.00,1425.00,118.00,10.70,780.00,3.90,NULL,28.00,520.00,NULL,37.00,94.00,400.00,2470.00,70.00,1285.00,855.00,39.00,315.00,9500.00,585.00);
/*!40000 ALTER TABLE `nutrients` ENABLE KEYS */;
UNLOCK TABLES;

--
-- Table structure for table `organizations`
--

DROP TABLE IF EXISTS `organizations`;
/*!40101 SET @saved_cs_client     = @@character_set_client */;
/*!50503 SET character_set_client = utf8mb4 */;
CREATE TABLE `organizations` (
  `created_date` datetime(6) NOT NULL,
  `location_id` bigint NOT NULL,
  `organization_id` bigint NOT NULL AUTO_INCREMENT,
  `owner_id` bigint NOT NULL,
  `registration_date` datetime(6) NOT NULL,
  `bank_code` varchar(255) NOT NULL,
  `egr` varchar(255) NOT NULL,
  `gln` varchar(255) NOT NULL,
  `name` varchar(255) NOT NULL,
  `okpo` varchar(255) NOT NULL,
  `payment_account` varchar(255) NOT NULL,
  `short_name` varchar(255) NOT NULL,
  `unp` varchar(255) NOT NULL,
  PRIMARY KEY (`organization_id`),
  KEY `FKkvfsnlewse3pfw7qexip9mdx4` (`location_id`),
  KEY `FKe9q5masfpw0vm9qgfvetf41o6` (`owner_id`),
  CONSTRAINT `FKe9q5masfpw0vm9qgfvetf41o6` FOREIGN KEY (`owner_id`) REFERENCES `owners` (`owner_id`),
  CONSTRAINT `FKkvfsnlewse3pfw7qexip9mdx4` FOREIGN KEY (`location_id`) REFERENCES `locations` (`location_id`)
) ENGINE=InnoDB AUTO_INCREMENT=2 DEFAULT CHARSET=utf8mb4 COLLATE=utf8mb4_0900_ai_ci;
/*!40101 SET character_set_client = @saved_cs_client */;

--
-- Dumping data for table `organizations`
--

LOCK TABLES `organizations` WRITE;
/*!40000 ALTER TABLE `organizations` DISABLE KEYS */;
INSERT INTO `organizations` VALUES ('2020-11-26 08:51:09.000000',1,1,1,'2023-09-20 12:45:33.000000','BAPBBY2X','-','4818001111009','Республиканское производственное унитарное предприятие \"Устье НАН Беларуси\"','00751077','BY65BAPB301230014009200000','РПУП \"Устье НАН Беларуси\"','300072707');
/*!40000 ALTER TABLE `organizations` ENABLE KEYS */;
UNLOCK TABLES;

--
-- Table structure for table `owners`
--

DROP TABLE IF EXISTS `owners`;
/*!40101 SET @saved_cs_client     = @@character_set_client */;
/*!50503 SET character_set_client = utf8mb4 */;
CREATE TABLE `owners` (
  `owner_id` bigint NOT NULL AUTO_INCREMENT,
  `first_name` varchar(255) NOT NULL,
  `last_name` varchar(255) NOT NULL,
  `middle_name` varchar(255) NOT NULL,
  PRIMARY KEY (`owner_id`)
) ENGINE=InnoDB AUTO_INCREMENT=20 DEFAULT CHARSET=utf8mb4 COLLATE=utf8mb4_0900_ai_ci;
/*!40101 SET character_set_client = @saved_cs_client */;

--
-- Dumping data for table `owners`
--

LOCK TABLES `owners` WRITE;
/*!40000 ALTER TABLE `owners` DISABLE KEYS */;
INSERT INTO `owners` VALUES (1,'Дмитрий',' Батюков','Александрович'),(2,'Екатерина','Иванова','Ивановна'),(3,'Павел','Петров','Павлович'),(4,'Павел','Петров','Павлович'),(5,'Павел','Петров','Павлович'),(6,'Павел','Петров','Павлович'),(7,'Павел','Петров','Павлович'),(8,'Павел','Петров','Павлович'),(9,'Павел','Петров','Павлович'),(10,'Юрий','Котов','Владимирович'),(11,'Екатерина','Иванова','Ивановна'),(12,'Екатерина','Иванова','Ивановна'),(13,'Екатерина','Иванова','Ивановна'),(14,'Екатерина','Иванова','Ивановна'),(15,'Екатерина','Иванова','Ивановна'),(16,'Екатерина','Иванова','Ивановна'),(17,'Екатерина','Иванова','Ивановна'),(18,'Екатерина','Иванова','Ивановна'),(19,'Евгений','Иванова','Ивановна');
/*!40000 ALTER TABLE `owners` ENABLE KEYS */;
UNLOCK TABLES;

--
-- Table structure for table `ration_feeds`
--

DROP TABLE IF EXISTS `ration_feeds`;
/*!40101 SET @saved_cs_client     = @@character_set_client */;
/*!50503 SET character_set_client = utf8mb4 */;
CREATE TABLE `ration_feeds` (
  `feed_id` bigint NOT NULL,
  `ration_id` bigint NOT NULL,
  `amount` decimal(38,2) DEFAULT NULL,
  PRIMARY KEY (`feed_id`,`ration_id`),
  KEY `FKm8qr26j9qmxxdn8j0h4v2bs8k` (`ration_id`),
  CONSTRAINT `FKm8qr26j9qmxxdn8j0h4v2bs8k` FOREIGN KEY (`ration_id`) REFERENCES `rations` (`ration_id`),
  CONSTRAINT `FKtrv6yltp9jf3at48et2eg6npe` FOREIGN KEY (`feed_id`) REFERENCES `feeds` (`feed_id`)
) ENGINE=InnoDB DEFAULT CHARSET=utf8mb4 COLLATE=utf8mb4_0900_ai_ci;
/*!40101 SET character_set_client = @saved_cs_client */;

--
-- Dumping data for table `ration_feeds`
--

LOCK TABLES `ration_feeds` WRITE;
/*!40000 ALTER TABLE `ration_feeds` DISABLE KEYS */;
/*!40000 ALTER TABLE `ration_feeds` ENABLE KEYS */;
UNLOCK TABLES;

--
-- Table structure for table `rations`
--

DROP TABLE IF EXISTS `rations`;
/*!40101 SET @saved_cs_client     = @@character_set_client */;
/*!50503 SET character_set_client = utf8mb4 */;
CREATE TABLE `rations` (
  `ration_id` bigint NOT NULL AUTO_INCREMENT,
  `feed_group_id` bigint NOT NULL,
  PRIMARY KEY (`ration_id`),
  KEY `FKifjel5qdvrdniu65n9ak3rs2v` (`feed_group_id`),
  CONSTRAINT `FKifjel5qdvrdniu65n9ak3rs2v` FOREIGN KEY (`feed_group_id`) REFERENCES `feed_groups` (`feed_group_id`)
) ENGINE=InnoDB DEFAULT CHARSET=utf8mb4 COLLATE=utf8mb4_0900_ai_ci;
/*!40101 SET character_set_client = @saved_cs_client */;

--
-- Dumping data for table `rations`
--

LOCK TABLES `rations` WRITE;
/*!40000 ALTER TABLE `rations` DISABLE KEYS */;
/*!40000 ALTER TABLE `rations` ENABLE KEYS */;
UNLOCK TABLES;

--
-- Table structure for table `reserves`
--

DROP TABLE IF EXISTS `reserves`;
/*!40101 SET @saved_cs_client     = @@character_set_client */;
/*!50503 SET character_set_client = utf8mb4 */;
CREATE TABLE `reserves` (
  `reserves_id` int NOT NULL AUTO_INCREMENT,
  `organization` varchar(45) DEFAULT NULL,
  `rating` varchar(45) DEFAULT NULL,
  `shortreserve` varchar(45) DEFAULT NULL,
  `longreserve` varchar(45) DEFAULT NULL,
  `shortvolume` varchar(45) DEFAULT NULL,
  `longvolume` varchar(45) DEFAULT NULL,
  PRIMARY KEY (`reserves_id`)
) ENGINE=InnoDB AUTO_INCREMENT=2 DEFAULT CHARSET=utf8mb4 COLLATE=utf8mb4_0900_ai_ci;
/*!40101 SET character_set_client = @saved_cs_client */;

--
-- Dumping data for table `reserves`
--

LOCK TABLES `reserves` WRITE;
/*!40000 ALTER TABLE `reserves` DISABLE KEYS */;
INSERT INTO `reserves` VALUES (1,'УП \"Молодово-Агро\"','1','241,3','1206,6','250','1251');
/*!40000 ALTER TABLE `reserves` ENABLE KEYS */;
UNLOCK TABLES;

--
-- Table structure for table `role`
--

DROP TABLE IF EXISTS `role`;
/*!40101 SET @saved_cs_client     = @@character_set_client */;
/*!50503 SET character_set_client = utf8mb4 */;
CREATE TABLE `role` (
  `id_role` int NOT NULL AUTO_INCREMENT,
  `role` varchar(255) DEFAULT NULL,
  `title` varchar(255) DEFAULT NULL,
  PRIMARY KEY (`id_role`)
) ENGINE=InnoDB AUTO_INCREMENT=3 DEFAULT CHARSET=utf8mb4 COLLATE=utf8mb4_0900_ai_ci;
/*!40101 SET character_set_client = @saved_cs_client */;

--
-- Dumping data for table `role`
--

LOCK TABLES `role` WRITE;
/*!40000 ALTER TABLE `role` DISABLE KEYS */;
INSERT INTO `role` VALUES (1,'ROLE_ADMIN','Администратор'),(2,'ROLE_USER','Пользователь');
/*!40000 ALTER TABLE `role` ENABLE KEYS */;
UNLOCK TABLES;

--
-- Table structure for table `user_role`
--

DROP TABLE IF EXISTS `user_role`;
/*!40101 SET @saved_cs_client     = @@character_set_client */;
/*!50503 SET character_set_client = utf8mb4 */;
CREATE TABLE `user_role` (
  `id_user` int NOT NULL,
  `id_role` int NOT NULL,
  PRIMARY KEY (`id_user`,`id_role`),
  KEY `FK2aam9nt2tv8vcfymi3jo9c314` (`id_role`),
  CONSTRAINT `FK2aam9nt2tv8vcfymi3jo9c314` FOREIGN KEY (`id_role`) REFERENCES `role` (`id_role`),
  CONSTRAINT `FKr53t650tbjk5yipcm228wf1nc` FOREIGN KEY (`id_user`) REFERENCES `users` (`id_users`)
) ENGINE=InnoDB DEFAULT CHARSET=utf8mb4 COLLATE=utf8mb4_0900_ai_ci;
/*!40101 SET character_set_client = @saved_cs_client */;

--
-- Dumping data for table `user_role`
--

LOCK TABLES `user_role` WRITE;
/*!40000 ALTER TABLE `user_role` DISABLE KEYS */;
INSERT INTO `user_role` VALUES (1,1),(2,1),(2,2),(3,2),(4,2),(5,2);
/*!40000 ALTER TABLE `user_role` ENABLE KEYS */;
UNLOCK TABLES;

--
-- Table structure for table `users`
--

DROP TABLE IF EXISTS `users`;
/*!40101 SET @saved_cs_client     = @@character_set_client */;
/*!50503 SET character_set_client = utf8mb4 */;
CREATE TABLE `users` (
  `id_users` int NOT NULL AUTO_INCREMENT,
  `active` bit(1) DEFAULT NULL,
  `age` varchar(255) DEFAULT NULL,
  `bio` varchar(255) DEFAULT NULL,
  `first_name` varchar(255) DEFAULT NULL,
  `last_name` varchar(255) DEFAULT NULL,
  `password` varchar(255) DEFAULT NULL,
  `phone` varchar(255) DEFAULT NULL,
  `username` varchar(255) DEFAULT NULL,
  `id_organization` bigint DEFAULT NULL,
  PRIMARY KEY (`id_users`),
  KEY `FKcnbct1343h1q9pmik7jdmwfe5` (`id_organization`),
  CONSTRAINT `FKcnbct1343h1q9pmik7jdmwfe5` FOREIGN KEY (`id_organization`) REFERENCES `organizations` (`organization_id`)
) ENGINE=InnoDB AUTO_INCREMENT=7 DEFAULT CHARSET=utf8mb4 COLLATE=utf8mb4_0900_ai_ci;
/*!40101 SET character_set_client = @saved_cs_client */;

--
-- Dumping data for table `users`
--

LOCK TABLES `users` WRITE;
/*!40000 ALTER TABLE `users` DISABLE KEYS */;
INSERT INTO `users` VALUES (1,_binary '','21','','Анна','Иванова','$2a$10$wahWrluR1OVkIwC71qEKX.8apPi1uGKahvXOzM08KtLJi9MtAopCW','+375334466889','mobilefarm08012024@gmail.com',1),(2,_binary '','21','','Алина','Иванова','$2a$10$NTP3OpvzsvKz5I9T9cr2t.swMjRng3WcO1V/mS.MCp4JtI7AingPy','+375334466889','mobilefarm2@gmail.com',1),(3,_binary '','33','','Дмитрий','Иванова','$2a$10$rpQxnWMOKwCSc7.GMCF4S.QUHuebWvWNMABhBhWbdjrODKCDkPusO','+375334466889','mobilefarm3@gmail.com',1),(4,_binary '','31','','Екатерина','Иванова','$2a$10$QE9m8bDld.ukt1Q4KlqjlO5L.LdCO4cpd29AAGsRWpJLgLqG0PTuy','+375334466889','mobilefarm4@gmail.com',1),(5,_binary '','21','','Евгений','Иванов','$2a$10$NsVktJk0mHaR0TGdyQSOdejZl9Ht9Q4MgOKxY2ypr.6Um9VQyj5FK','+375334466889','mobilefarm5@gmail.com',1);
/*!40000 ALTER TABLE `users` ENABLE KEYS */;
UNLOCK TABLES;
/*!40103 SET TIME_ZONE=@OLD_TIME_ZONE */;

/*!40101 SET SQL_MODE=@OLD_SQL_MODE */;
/*!40014 SET FOREIGN_KEY_CHECKS=@OLD_FOREIGN_KEY_CHECKS */;
/*!40014 SET UNIQUE_CHECKS=@OLD_UNIQUE_CHECKS */;
/*!40101 SET CHARACTER_SET_CLIENT=@OLD_CHARACTER_SET_CLIENT */;
/*!40101 SET CHARACTER_SET_RESULTS=@OLD_CHARACTER_SET_RESULTS */;
/*!40101 SET COLLATION_CONNECTION=@OLD_COLLATION_CONNECTION */;
/*!40111 SET SQL_NOTES=@OLD_SQL_NOTES */;

-- Dump completed on 2024-05-10  9:36:27
